gene1,gene2,gene3,gene4,gene5
3.1241785382528082,-2.0345660752927963,-0.3380778654748269,3.880757464102006,-2.558538343680834
2.941465760762705,-1.6051967961231521,-0.3081413177117728,3.382631403516262,-2.3643599891035088
2.884145576796884,-2.116432438392564,-0.43950943210849147,3.0216799388355504,-2.931229458128258
2.859428117689757,-2.253207780083606,-0.4214381668511815,3.272993981119697,-2.853075925333823
3.3664121922303885,-2.0564440751216337,-0.48311794882801906,3.143812953446636,-2.6360956811312954
3.0277306474274663,-2.287748394355576,-0.406075495413582,3.349840327520299,-2.572923437448319
2.849573346942651,-1.5369304538727655,-0.5033743061844835,3.235572267761025,-2.294363771974203
2.694789087507244,-1.947784101248811,-0.989917530969944,3.1679534877753923,-2.450784691032719
3.1846166449988527,-1.9571579297025075,-0.5289120705970601,3.424724076102678,-2.869630497591857
2.820038947901323,-2.115159692739947,-0.23571944344527107,3.5859045723921152,-2.9407600388406836
3.081020992348699,-2.096270570104079,-0.6692305000764897,3.652919072210217,-2.2422501193760125
3.2328200297790497,-2.2098043808056596,-0.5773030939628037,3.582815857850891,-2.25611371821941
2.8802064405386774,-2.046414744165954,-0.776583743501507,3.2009483439798325,-2.2968685444014505
3.339060007142706,-2.0180025303950835,-0.24911677552699396,3.5904090062619085,-2.661279938651281
3.0903489013771033,-1.6154908583835077,-0.5089565097774879,3.8911609139535015,-3.154936276022436
3.205475626093806,-1.9782382329404573,-0.5747518376164669,3.5229401941338754,-2.996892228650223
2.945082028040622,-1.9107218571220634,-0.13052648881462098,3.370432445431588,-2.702123400723297
2.874560739103866,-1.7711494705744815,-0.4178122225850789,3.3675599490582404,-2.371683141721661
3.02426938733701,-1.7578387523667778,-0.6755132734693381,3.418084463350558,-2.5980270382830395
2.6341212629669704,-1.925969930733856,-0.43473618195502767,3.501278364160615,-2.5586467833437867
2.6461573144873967,-2.10516133069134,-0.5856786291316923,3.299430682694595,-2.5403214279165023
3.101012714203635,-1.5284535246973674,-0.45635554679204027,3.564387597680691,-2.518611478941542
2.5203071961752395,-2.006628468862304,-0.4849424475147434,4.1158105281213215,-2.548090241195281
3.0753868355834033,-2.008677942426311,-0.7921695094048831,3.7857057036287554,-2.3120167418283066
3.1977579867607617,-2.227346863698685,-0.1493014222659752,3.14953723430193,-2.3532857265499323
3.5476139064524945,-2.2476340812826723,-0.641574432400693,3.5249128412719104,-2.62586891352905
2.612334142233467,-1.9828592562984932,-0.7655759284315262,3.618398107658795,-2.729856058558451
3.387483601254385,-2.1958133230840593,-0.5805153790514189,3.7033793043424175,-2.8077160791084887
3.056864983651032,-1.673214311429393,-0.9018708086403069,3.546158464633076,-2.4350293014378943
3.1954557179443275,-2.3092376777195205,-0.8301141532710691,3.6304853914042243,-2.4257538316917033
3.062623212586469,-1.913387947625756,-0.6700061803946227,3.5580634242902507,-2.42673188167533
2.821412145493408,-1.5335563722138108,-0.3815417697720531,3.202174125699338,-2.3358615978415425
2.7563295824431697,-1.803228849064387,-0.21035110524814898,3.2948294204120723,-2.2591559676889195
3.1031952317341247,-1.7944849600013775,-0.02580175433651316,3.4386529709992826,-2.6884340410893723
2.7776213925936193,-2.2039525712413597,-0.519275427353526,3.585287993704161,-2.430827300167495
3.206795812259006,-1.9967495270305233,-0.13661648071067078,3.433835791690511,-1.8199577083525953
3.1564168369412515,-2.2142893891040707,-0.767723124515278,3.6206181038107963,-2.5558656963314625
3.178500123523023,-1.8816905938566137,-0.5182072281642182,3.288301570482899,-2.878711806171466
2.8883712619832447,-1.785900301419132,-0.446476563967449,3.188565305322003,-2.4567047685372043
3.0963293449322093,-2.220964359050283,-0.461568723513618,3.5145521796115,-2.7857425744576556
3.0894468400870707,-1.8598038684079414,-0.22923718920618075,3.763450513008726,-2.844417341989273
2.7655437400212195,-1.871241183197835,-0.3715535122719478,3.628761921576512,-1.5368171273363198
3.1427226276732916,-1.7161085899548503,-0.2614995591266994,3.6628478128264494,-2.5788173111600865
3.1897423051233167,-2.193206303634393,-0.5592046516850022,3.378659113042724,-2.4795314651534195
3.578664641668377,-2.466816298147937,-0.32843495240637166,3.096821032202587,-2.617982966447358
3.2722376492418417,-1.9839299952261342,-0.7694361944823265,3.321174072685008,-2.330100562766331
2.8174083420707157,-1.9458853526045063,-0.48860704002404654,3.337099913098546,-1.9640139776686687
3.158479755579503,-2.5062856466644017,-0.45338642130764306,3.334553383807903,-2.286891666300944
2.8018698153918247,-2.028684110366725,-0.3737531802548857,3.7164387985425305,-2.800074101763944
2.916374691039763,-2.118736327790239,-0.6633323081434279,3.941363560070274,-2.398754572259761
2.684779011416239,-1.770534513236306,0.030539049253158312,3.7581163151377868,-2.8798424914885032
2.8789414817834373,-1.6832722127033444,-0.6769173664046952,3.6109548570365573,-2.306341486642666
2.768267382105479,-2.01488133901545,-1.310316835017268,3.2439030896664276,-2.56314203784829
2.688054204508788,-1.5918971740170913,-0.8575353444901581,3.389988878325754,-2.467314855678477
3.360318322266529,-2.3589655377948597,-0.2092090619612601,3.5025582652548968,-2.745377162761988
3.115525868565818,-1.9502350761066325,-0.6500542192896986,3.517450521247505,-2.59632839921544
3.028379336312812,-1.8344673313697384,-0.10349579596366199,3.1905461252932876,-1.9667416563359335
2.5119780501193745,-2.037946273758896,-0.35292069837885587,3.570247966933758,-2.6556748799551486
2.947969437410681,-2.123250233664708,-0.6473411892360529,3.7124005242552562,-2.4107461285087384
2.8267726011848366,-1.7751000311416874,-0.42317511978084765,3.70321552970974,-2.342592789519097
2.7927512472694818,-2.1400452600492423,-0.3131765987191846,3.6525925663583663,-2.505225398491037
3.0293318458271954,-1.6805837760528939,-0.6478928472089575,3.6367743452925096,-2.5505481631084734
2.945579699193195,-1.7253057870032025,-0.29364591275299257,3.7033774090001597,-2.1736302982114175
3.0052509604081896,-1.8295117571762591,-0.577566689148364,3.5810415881221105,-2.532535763591921
3.0242489912481796,-1.8512107436407716,-0.7045551708083682,4.023096818921365,-2.7515043453749257
2.696452846803067,-1.710472281624983,-0.30208432650926603,3.6560299542630386,-2.34291362268393
2.9969383067882713,-2.2243135928714577,-0.4810488604515684,3.330709572121972,-2.2562200666455623
2.9632356546244654,-2.206374299198128,-0.5803464604132483,3.603232863568906,-2.640931138200994
2.7944449011083923,-1.939078197127022,-0.4387583572228193,3.3732642061572173,-2.617759576404581
3.058012484339409,-2.362021085374331,-0.8518659435941388,3.320388944686891,-2.5533617879279618
3.077726891399501,-1.631160945762612,-0.2855850941994952,3.4600153675091434,-2.5047540519756724
2.749367658840548,-2.0046282839980973,-0.5721646597300346,3.580679640084522,-2.7068077358880807
3.129836628560293,-1.6168152717493556,-0.5271900371142144,3.6004279305247353,-2.327464002072222
2.899694882028541,-1.9439768795473957,-0.4968518998045513,3.524419024637208,-2.6932524459638665
3.0061275435647357,-1.8755004271886375,-0.13721409805123957,3.739817706521302,-1.9617043856221108
2.8081631092779875,-1.7819198408198305,-0.4541644985654121,4.047450733304418,-2.702074571338788
2.790069539454806,-2.1498481613610054,-1.0309739310774517,3.36856124457981,-2.6897831653884245
3.037598446619052,-1.9145610060557101,-0.030957290196028442,3.7376059595465128,-2.6442259139156006
2.7753963321629107,-1.8770202071233735,-0.8300583017551606,3.9578646914635884,-2.2051399698196783
2.882706086973824,-2.4282836322727195,-0.1615319064586468,3.4713650386868453,-2.190545922006635
2.6013930853014084,-2.149843755738443,-0.49868907507045424,3.5117451484411855,-2.612516367869811
3.155712483086875,-2.2669051073456488,-0.5355948712553233,3.530073907927975,-2.3713902914853127
3.1779037195222224,-2.281160522959467,-0.8835285426839056,3.8194192054746274,-2.4169214970051023
2.8128783658608616,-1.6122120061193692,-0.4710813414267853,3.794824296015957,-2.4831203796474726
3.5151869812204968,-1.561164789389199,-0.5622410371197684,3.7428927377385888,-2.338656012603713
3.342157889383087,-2.241230865145026,-0.3284871350003902,3.764606121712397,-2.9396848716057784
2.7041853718335562,-2.509808044440025,-0.5673517086111395,3.6793855639489905,-2.124410736975993
3.018523695104944,-1.592846113607177,-0.8450253645537229,3.0741543901612114,-2.513886924724155
3.0960163622348267,-2.008173687023523,-1.0168605250099692,3.4777199901218028,-2.826117375126213
3.1674181372075094,-1.908350438475788,-0.7349699465818388,3.3715332706658265,-2.764803380472238
2.984330225681707,-1.7612144198746904,-0.746431511583886,3.626011628879461,-2.63256440459311
2.801781791934414,-2.0267575899886396,-0.7588105806048435,3.3615876736632044,-2.7994694731472123
3.491181283229097,-1.991184112007068,-0.6749313769981464,3.5534949776835556,-2.5280820124227072
2.944757600116694,-1.8464583249891438,-0.3106230724881737,3.367374713097368,-2.64395456016117
2.931237075712089,-2.5754802911838963,-0.8787977655496381,3.841718566861131,-2.088758071624679
2.9377409901109055,-1.8558607592360583,-0.422187461364116,4.26972020211381,-2.220106272141356
2.9680206021298083,-2.2388851101501066,-0.9016115800643931,3.5508659089668058,-2.6890876863210758
2.6444365726005814,-2.161643221060632,-0.7703870009035987,3.921785408768141,-2.2795900607626374
2.9980068396708455,-1.6300139652774934,-0.4806579230880954,3.284678949667934,-2.119218980682586
3.1347275109211648,-2.2593115385816143,-0.547584669520902,3.2810954366538105,-2.845699932741084
3.23154438688291,-1.5226458398824674,-0.8496418934547854,3.6407423091726425,-2.6626606422804566
2.878218654058826,-2.1480984810597175,-0.715997692419954,3.512130406986207,-2.7077375291027597
3.0676142064449596,-2.012559527362284,-0.5597370117166024,3.2731090844896005,-2.644192832642083
3.188847806456439,-1.8747707030939047,-0.7443888111996377,3.5248330763573064,-2.312153219157053
2.5826486797196573,-1.8641599519050163,-0.6656559397364616,3.64264966714829,-2.6908147891356293
2.54877947483387,-2.4068856094707907,-0.4879787633346545,3.5649306254303705,-2.726079156276102
3.1596481146943436,-2.41538001556724,-0.5165199496618291,3.197245950059386,-2.66295902695054
3.0118496678291033,-2.215103341320988,-0.5961388860574564,3.75157320230361,-2.644222967380787
3.2089230280162853,-2.2824267136644045,-0.3675489555211793,3.860392155164475,-3.1179111250318226
2.800776186132381,-1.855731968204865,-0.5507613465107482,3.592786468342827,-2.6509962966789553
3.021647446868225,-2.03891930884802,-0.20805448458504816,3.5636052108253033,-2.4155993344811995
2.8970307584693833,-2.1219015560181234,-0.6081395469549052,3.5986130355945742,-2.6052461202050656
3.0724437142241032,-1.4811498003386403,-0.2822188241420769,3.4184941169580396,-2.199696519459014
2.897981156744612,-2.5095311337944635,-0.7520215777293511,3.032302019743536,-2.5878783710103272
3.004604594797388,-1.5808906719311793,-0.4182681565589593,3.445224867797784,-2.292648604704128
2.447216172748029,-1.9410963604728586,-0.3072837015282583,3.13035343855504,-2.2140614891982677
3.0846241018736036,-2.1038219784752004,-0.34180453347342876,4.067673214451099,-2.4545334362353763
3.062055146575084,-2.114840224885061,-0.7124610923661979,3.7075839541360613,-2.7140209564772166
3.0178915593048483,-2.119414361691279,-0.380255043563402,3.583415526321737,-2.240615013935525
2.8724959002863133,-2.067468733823343,-0.7446909289455769,3.388926684980972,-2.4056748767387868
3.189247154161338,-2.230541331044406,-0.282598519973585,3.8389094647012376,-2.396641274194075
3.4691989531395167,-2.1934472997758934,-0.8111636758278542,3.0553199377739304,-2.1259889221277044
3.1635914140885144,-2.013896167727614,-0.43000784342004494,3.218627738175406,-1.8885620050957934
3.032305295493807,-1.9726513013487768,-0.318558344025327,3.6202523079341784,-2.444028993930217
2.802381386138672,-1.882132910716001,-0.029493875881241582,3.8363550115387444,-2.1017033433401506
2.872196080892204,-2.2474012050646452,-0.531446730024912,3.5139312280721735,-2.226452120382263
2.576883842571295,-1.6176124201348465,-0.5395019746447474,3.393279732513145,-2.7530260938150417
2.5862858320335578,-1.7942073540095214,-0.48167050820289903,3.1775097750647365,-2.823769693015904
2.916053825177468,-1.5827446186776517,-0.5648978378409012,3.1242142617204736,-2.561435766021486
2.9318191075630824,-2.674221660735393,-0.5135737166294531,3.4422663674478304,-2.3259484087966453
3.4622390237363363,-1.7183587426130607,-0.5672221726387077,3.2233685228145825,-1.856660049187535
3.014804608503622,-1.9965176770217634,-0.5060312717775008,3.549521190191964,-2.5360901029809857
2.856584498279941,-2.136714735310098,-0.5081883175539996,3.364143807216559,-2.678211445669291
3.0266075569229742,-2.0637443043552137,-0.12400175285432785,2.8372575479017472,-2.2271232870193844
3.3115212981244073,-2.5183475581020374,-0.5856718985200872,3.407139783501052,-2.851877923679455
2.8055458281022814,-2.277643961366457,-0.061932389144094324,3.733919598286865,-2.18211122625146
3.1804180160108086,-2.2822629428043073,-0.6311300665699434,3.6223436403069793,-2.8055319522229865
3.178249607543097,-2.0600813495395336,-0.5937052018873994,3.677739992050873,-2.38893417212849
2.90975845854523,-1.710167549158938,-0.7702658318999743,3.653983901736066,-2.351724685507904
2.9226133901715023,-1.9184667444394705,-0.8127783940963258,3.7310067548017254,-2.5462255341107474
2.86931924487024,-1.7377476935407776,-0.6760859226356898,3.14788467590911,-2.889157293380976
3.1515024878364097,-2.3201073381240707,-0.06130145450390884,2.9795176480290695,-2.0758859079274905
3.0527543668006545,-2.0241782779675983,-0.6362297717022374,3.599784028588018,-2.509408675606212
3.2758254705041305,-1.9714430878344902,-0.4624245596345306,3.409096946946536,-2.5142364059302666
3.0769504422230147,-2.4275420981641562,-0.8370463555264283,3.6858160235056787,-2.4572836404680145
2.9540041659118303,-1.9953915167336518,-0.41310457365958225,3.3650600799226598,-2.694576181350578
3.0489613137744205,-2.244593194403758,-0.397936811071382,3.07435409894054,-2.242711090668589
3.118149370603261,-1.9359925664215312,-0.25432725401362155,3.916368611115644,-2.2464074837454673
2.539781442167089,-2.3198942416839254,-0.6562046444239197,3.5065227625527084,-2.370585244882719
2.8185640467116335,-1.9533083088807304,-0.6888457330883306,3.347120549252013,-2.8516652742120554
2.769191688472274,-2.3379211514040836,-0.7439683132443332,3.76341044915196,-2.737349722207986
3.6580955162093476,-1.8766705247797777,-0.4537909690762815,3.2854105549546966,-2.3249225301477523
2.8560905434405566,-1.9694975463386597,0.14002113456719867,3.4759850250688373,-2.212681668428581
2.824205893718528,-2.0087471226242406,-0.057299841091122516,3.343258235553058,-2.046887860500768
3.1769379838638687,-2.140616693973567,-0.34189806523611976,3.7431386124066823,-2.344547509445701
2.607443820027386,-2.181784293956217,-0.5618796588878762,3.4813916427249882,-2.3448319756123306
3.0444252502333136,-2.333836089677525,-0.4049505372485092,3.6526464363209556,-2.36005238801724
3.2701951813886554,-1.791519461362774,-0.38520498019289084,3.482458572135338,-2.9152402333789977
3.1074045547831464,-1.9480780782092222,-0.43210529070115666,3.1808128560449225,-2.7702641351020656
3.263288213333226,-2.009888788464164,-0.3296248256568439,3.507079594032615,-2.4925609651260636
3.2345709514939993,-2.1290111820543434,-0.4759698057647542,3.3844311778237395,-2.608624056858079
2.92270696913284,-1.9444665570915718,-0.6196871554158694,3.8139390313933803,-2.723651825554876
2.9532820889596603,-2.1099327645685437,-0.13825552891156678,3.5491386941278935,-2.2420388651328413
2.628609906740757,-1.9332374335326854,-0.27759230109414074,3.520570997318856,-2.233629906233662
2.870677887474907,-1.647663139953605,0.07472453090481257,3.409290359890085,-2.611375630350193
3.3633461192794254,-1.6051069635673219,-0.630715006788317,3.3949532957260358,-2.5704461522151267
2.663887372241431,-2.2296629866210496,-0.7510351916880169,3.308050608723968,-2.5086712218466953
3.05855368313413,-1.6123748767964807,-0.7495885101846977,3.746080599619146,-2.5534972110563774
2.987634072586892,-1.831295126958349,-0.7806805053905747,3.5956024365460126,-2.458386947946736
3.1231128160020374,-1.9277078390230455,0.11382503497772356,3.340565003937171,-2.6327492387504545
2.844214868393809,-2.1388692797900637,-0.6593467818266294,3.797254132776888,-2.144873938002536
2.857313426562631,-2.208088893276057,-0.382146110903399,3.361944238929757,-2.3417670455611224
3.050730755212825,-2.378936028749308,-0.11312369966748459,3.9489694182738804,-2.6531971726210966
2.903074610016004,-1.9285336523187737,-0.41638580250324375,3.6646360681682077,-1.9974488653084126
2.955763193126488,-2.1995743111346133,-0.8448298070036317,3.3172674900145203,-2.508281743218449
3.448639465879447,-2.129402824759043,-0.44405301209027537,3.495894275981812,-2.202901681637979
3.6317331064684053,-2.1327171932300804,-0.6223598606295555,3.761040219267268,-2.329527127593422
3.4616768314340085,-1.854017953668509,-0.5898230226967649,3.647663707673077,-2.222824104854273
3.205120545299341,-1.8731814922231755,-0.23333132760271152,3.792323897611418,-2.154460252240618
3.1621774718974107,-2.0417795200792135,-0.4633215783916693,3.8016272416270893,-2.704233917746809
3.0921683272182254,-2.0983347030818402,-0.4928137942662956,3.8196129656518245,-2.452225232995024
3.011609137039037,-2.33996403524498,-0.3134366084931948,3.661371045285269,-1.959186319173635
2.92305544126175,-1.9452124180840153,-0.4376540790723112,3.8943633199408687,-2.523823883096738
3.069755381442585,-1.8480258725708651,-0.4533477192109105,3.388391596362368,-2.451477501775423
3.268407937464943,-2.256628824852765,-0.466757581463281,3.3249697962652065,-2.2012383427687894
2.6192032738040565,-2.139730461817897,-0.4056970312338698,3.8913810073085853,-2.516437565268247
2.8612001183267006,-1.5297107326398525,-0.8620034751040611,2.9502985108449797,-2.3899963874866668
2.8744864439118474,-2.255308204282678,-0.32291088817516167,3.5609501784427997,-2.6410196576841822
2.6799239003322763,-1.7818856679299637,-0.33744970551033476,3.4752060340551543,-2.0383407509880835
2.732478808418462,-2.381381292731185,-0.6729770174703111,3.4886034959111254,-2.439165137669327
2.9396909855359175,-1.9119861508714258,-0.812884856047611,3.8609411510183147,-2.520537794598142
3.2793239578970317,-1.914318663405574,-0.385811695211554,3.642441820058051,-2.3880728599956713
3.160680689966886,-1.6677118674668923,-0.45086970757463246,3.677250939397128,-2.5224339235718065
3.360029303862368,-2.1690980755148175,-0.049764891772296094,3.4899605123389144,-2.857693775529512
3.032026103727697,-2.1702629143687204,-0.289839112752819,3.3368440051744024,-2.611545858303695
2.5276148172636175,-2.1130765798122693,-1.105969831657239,3.1040242941285694,-2.3098963359639257
3.1964500396627082,-1.8936356095537588,-0.7417440357823033,3.488072160964505,-2.500900634772642
2.7104088277018645,-1.6241504245582123,-0.2806594273560822,3.444758956542584,-2.4932785402513673
3.052095701986888,-2.5104337171060727,-0.5617943456301492,3.3295039380005504,-2.750405002473729
2.9297249267785115,-1.5505783682876193,-0.33978928468324754,3.3572052525543006,-2.3568543046609602
2.8498388591465007,-1.2688415792718077,2.0149075924800437,0.3382658055736065,-1.8254441715966025
2.5983713463554374,-1.276201694993067,2.1587929504204926,0.7623881788298338,-2.133808802890142
2.829348516408581,-1.4506000988269,2.518815218156316,0.32770304547760803,-1.5660090492086876
2.549477695865662,-1.6628545009036122,1.8790285414864196,0.41991317295141994,-1.893958513399521
2.6307088720088747,-1.6434250009846447,1.9939113519347542,1.035567589652966,-1.5681142074748222
2.609080917418508,-1.49049913045795,2.030007831679565,0.6533794931826041,-2.2556981412996016
2.4356558656441636,-1.9171460184693974,2.09980578065132,0.6617989849256852,-2.1207966155748434
2.8934966908225084,-1.8064414157505853,1.633906279947545,0.556112954639993,-1.7382254243469615
2.9209819228644673,-1.614721065717235,2.269670208357824,0.4903728826248232,-2.043156824985205
2.7209149843716682,-1.336919280396645,1.6059019607539375,0.8691350874314739,-1.6549771614631372
2.3436093246226175,-1.4010491166406478,2.1235075465706847,0.5651684414559768,-2.137576288461355
2.332094158015487,-1.5063885177478613,2.293182254814841,0.6359000386486081,-2.0926535830215265
2.692924677662086,-2.212135655157519,2.2871914250930256,0.06507155530547509,-2.090610235350783
2.220082526343464,-1.8236703689302265,2.29020669684463,0.3830746996720272,-1.9133740295673212
2.488269855280204,-1.3807397931942196,2.019205472765064,0.1792519439528576,-1.750933295138215
2.376560854209672,-1.8891454746649377,1.8929712097585218,0.8751899476585777,-1.7874445644716268
2.4128369663980354,-1.5873144260796073,1.9195912371956543,1.0191869958902102,-1.9045161369421117
2.6075104117977674,-1.2424291364920395,2.0596972897566284,0.43523946354482423,-2.0490874622712445
2.482099685146484,-1.5093055591274604,2.181907385909245,0.5129864714518249,-1.816839980696105
2.4798208549728544,-1.4803412024209774,1.500449828866973,0.7290819186756203,-1.9133778810255018
2.749502527464913,-2.2240638445484224,2.522093676195182,0.46510259296120654,-1.722954295815621
2.2400235182186172,-1.3468065237343576,1.736646109206586,0.3440577598260487,-1.5214921615333035
2.4523293998091633,-1.4456417817050693,2.2175169326721886,0.6239204719931511,-1.962395273714106
2.5912402506165564,-0.8991461036904312,1.9855953007416036,0.5502747616787419,-1.737336400998097
2.776381483239496,-1.2032424236099049,2.1596825555072963,0.2142487718173791,-1.5916421169247261
2.213413651745328,-1.4243411336902416,1.8114310374951605,0.48396541335175186,-1.91780939742413
2.5803393038625684,-1.3945198114411788,2.403427817264662,0.613383575378495,-2.061039158822662
2.741021792072089,-1.20263237776884,1.6930980462157519,0.6493500174624645,-1.8247068144222753
2.425609124160002,-1.156073296672095,1.9624861032418683,0.5313941133678856,-2.0432679560709675
2.503894761895367,-1.7740687717238004,1.6399872793514265,0.898626265806243,-2.211740337079582
2.2521519126359233,-2.0383475284009287,1.8402595630776244,0.16922755164812542,-1.5894962099659078
2.7524542723356586,-1.672037586294431,2.563108951336077,0.7454413717478986,-2.0812078458771555
1.8751485712816067,-0.9272643568523146,1.652606883309101,0.08865031326077705,-1.7443573919975899
3.1099381015848184,-1.1539317953723705,2.14097728001309,0.6486885854163215,-1.7866461103049232
2.689732147446691,-1.429702144007656,2.026050275987969,0.4843517180251194,-2.188491147216669
2.4298312307833063,-1.9232392035488464,1.9754150933013126,0.25285222321227063,-2.275897329303943
2.5449735377883695,-1.1519994284138502,2.229579151500578,0.10737484909420575,-2.2474070341425842
2.7351927969970538,-1.7456218483845773,1.943841712500744,0.637513024756138,-2.2420861137159087
2.52634387653649,-1.8335063737295512,1.8496580890121965,0.5799454835356342,-2.3982484333829173
2.6101186844900996,-1.5049094497316704,2.138122488604287,0.5559785335161653,-1.658964892506539
2.5313061256619767,-1.6073513852813133,2.030574375758071,0.635824507259097,-1.9877849824185738
2.5101479228009707,-1.6754979219516888,1.834274770612263,0.14934868205007662,-1.5626058142032653
2.189034191152179,-1.6732262994489768,1.8203981836077006,0.7237310942361104,-2.073737419573007
2.8119355181684336,-1.668372656060967,2.0697485405559504,0.29116323668506067,-1.463712718056653
2.203100395242622,-1.422544822443243,2.1584442202330245,0.6034497743628746,-2.046321914719427
2.4675448250666436,-1.4890471320052225,1.9632494995928778,0.7409697791987274,-1.4473692496021622
2.3606270537480416,-1.8424507448947693,1.9779294879121863,1.1449273344135795,-2.2009186419924327
2.909779201361017,-1.0805747964808898,1.8616029395730014,0.6422457697963189,-1.5929008442178656
2.4052180647531283,-1.5508950900255905,1.8545797715128391,0.24631081732678328,-2.1623193862665016
2.194014933309436,-1.4914791329351935,1.8075066922353396,0.558446477947687,-2.3889739115509068
2.5827200580536145,-1.291617759597769,1.501566089357136,0.593514142461893,-1.693082751881677
2.197589745327199,-1.081856903290574,2.104754752341511,0.3237470360603978,-2.0139422694144264
2.639581728130431,-1.4809986521468972,2.134688998111592,0.2698316017301584,-1.9576597939909806
2.146571375773755,-1.5278065153371752,1.7740230896338025,0.31611751435255836,-1.6909767061973906
2.772827530148567,-1.3477154697732057,1.7269218088318552,0.42089788757629953,-1.6967255750052042
2.535429228409976,-0.9201676150045764,2.098329459848593,0.5480122791225079,-2.0772791160506254
2.5333852261955707,-1.5381174590951359,2.1770271691721477,0.7391755791986461,-2.1964973651269872
2.1671917616105554,-1.959051343275824,2.126997831728136,0.2241583484565316,-2.5382226482381207
2.597144651132741,-0.8767501206418024,1.9984822721150266,0.7096226936129104,-1.9795426603631088
2.4752775867022145,-1.2702308792530579,1.927431363952837,0.5668480785179757,-1.9195755484509966
2.3329773865892376,-1.2519894126158693,1.9562600608261478,0.3110637101267888,-1.8658725391073991
2.2753830045522405,-1.492954710657718,1.997720250838949,0.7714738914578945,-1.8813254417800118
2.493743260313714,-1.2955584251999281,2.3475518872543284,0.6394525765879655,-1.997411845039155
2.17204094191246,-1.7662784157688431,1.923693823911333,0.3476219494601792,-2.0467428257463616
2.5141624812242767,-1.3675768114108173,1.9823753054852271,0.6216254109565504,-1.98388139629747
2.006133358411532,-1.7348338484546886,1.9639781110695962,0.1975763142897231,-1.850017817500949
2.8826877080859243,-1.1953095370756708,1.946639282267448,0.8726815342124881,-1.9628331356994722
2.41572850722049,-1.653350665885235,1.924382578377968,0.40295579536469284,-1.957395944406128
2.540143495262466,-1.4992384949616464,2.1092345424365875,0.7976615686965853,-1.762611466139669
2.128775507887524,-2.138480283725489,2.2335799778098187,0.15828032539614473,-2.056191350473171
2.20747174348516,-1.950495109395005,2.135365682051197,0.6897887900756617,-2.14412760018168
1.8522394269637725,-1.6365611120631207,2.0979510013506366,0.1302721078064678,-1.9541600200552112
2.496172537706751,-1.355177125099728,2.0298950921035384,0.25673276477961116,-1.700857124583877
2.4603676067432576,-1.506826134877483,1.766683010231701,0.38917943720212245,-2.221200678506725
2.4567634850191444,-1.0720728799644141,1.6570247142671608,0.09660965053081472,-1.632207418126598
2.4476690807120334,-1.667268184664979,2.259976171849019,0.348596115065784,-1.543497571613266
2.6694814678348173,-1.6219778520364256,2.539327053316376,0.34857126924916537,-1.8144761569976733
2.574823145101623,-1.1745646776503005,2.3903777991817132,0.5080010372664416,-2.188354467586546
2.6149930357347793,-1.6694288424380266,2.5033468118816558,0.5341338327706844,-2.091330387828027
2.546170076466227,-1.8367815723824241,1.7570964903723372,0.8001034769861064,-2.164223569742849
2.238272254329515,-1.3658368118681785,2.296426038665749,0.6797383276662667,-1.7509880785485459
2.3108012278576346,-1.855452666685461,2.375333412988872,0.4193300402894661,-2.062708254113762
2.8320485354622646,-1.360942497649835,2.113971943020402,1.041250586225271,-2.160879557595036
2.7319600320203095,-1.485746718775729,2.0671480697158144,0.8821171066031329,-1.873041060927594
2.6345740197624083,-1.2318731656725495,1.9087618176142787,0.2901975831652484,-2.2612022985052582
2.0084108526559996,-0.9859482175149195,1.7241979085695793,0.444686594103557,-2.0692033249722304
2.5768516744522754,-1.2960656968651758,2.215118372089936,0.3542306403577654,-2.041780428446603
2.570644987622075,-1.5621727815458868,2.4018363940049983,0.6227437379095628,-1.8162805534875457
2.665720317166853,-1.2066315356286688,2.0452553896759267,0.17579201301103836,-1.9000780120618397
2.3371607765520426,-1.6321541704374392,2.1465910046887733,0.809570767858409,-1.9946821058159845
2.577208253149741,-1.0744462638411905,2.060188294872142,1.1504207785450986,-1.858622588592114
2.0598093102110457,-1.311664594723867,2.0952895962206943,0.8224381885206864,-1.8317046621825104
2.4653860040040567,-1.8060745590723415,1.9477441856784936,0.28736988644767497,-2.1451308624511807
2.6471446011051523,-1.0825238739121485,2.098667882455745,0.2010292344912039,-1.888849332944965
2.799157871661413,-1.6524457260798455,1.9664957083317707,0.5036720486822993,-2.19622457827056
2.6620701084609646,-1.5302370371519454,2.1048831109767567,0.278126955549475,-2.1093645750808525
2.680595339456943,-1.5932082880229417,2.4317409628083513,0.4000909535963494,-1.9438288185620285
2.7331477079682727,-1.8545914332332578,1.559797797004806,0.11858592135747631,-1.6843539741432045
2.3620354635268885,-0.8604501785829369,1.8589381003356529,0.5461378257992593,-1.6144725118580312
3.001523222039781,-0.9846241058409005,2.3020915576482857,0.7560156314528657,-1.8518682626997043
2.6945902690416594,-1.6377964290821334,1.7954502791444231,0.499156385647262,-2.042546155631232
2.386692987668181,-1.3259031381358213,2.238826302142628,0.5221017215729619,-1.6306174797361845
2.2145777214666236,-1.5484148648199296,1.8207944198492987,0.03336584573173501,-2.020670171460675
2.4695631229041792,-1.1216375641894674,2.157702921138694,0.24395329391769877,-1.536476858416453
2.8052584238813383,-1.354475574132846,1.943378975287542,0.2601401908191301,-2.0930516940177633
2.7721871549260464,-1.0288534235163478,2.3858108820680473,0.3777876445534315,-2.279904358322253
2.535221561727801,-1.942109841390713,2.0807919285461955,0.4630993534253328,-2.1165091254670605
2.101324233183301,-1.3715999733575708,1.866824790084522,0.207520791072428,-2.7180655533204123
2.4931212737373407,-1.056937100832564,2.4153148036369676,0.38572593585343207,-2.1505530150904453
2.617193564018756,-1.749596359797073,2.0754479749548667,0.6915200695961725,-1.6932666940289232
2.4749614808800118,-1.5509184375442415,1.7805043533108598,0.29327991149003496,-2.0566197229753818
2.5918413767040445,-1.2716038434416876,1.7992052623299137,0.8731721422398804,-2.067780900260642
2.494658176412891,-1.6868029197869558,1.3939399349317645,0.7210113490902624,-1.8157890257268916
2.4296681107204465,-1.483252320693782,2.128984804426025,0.10936353577836433,-2.1322631693365737
2.698566169905457,-1.8135723557923122,2.0733894830416575,0.16085454884414874,-1.8833925043916184
2.491089629425629,-1.9037829539763773,2.291184838614293,0.31635210580048767,-2.202563109253595
2.5501422993077356,-1.2128406626428212,1.7460445452554008,0.515419962461993,-1.8927958749173568
2.673276401815786,-1.4558896111806936,1.9082430402291695,0.2931024448378201,-1.9784640292384064
2.231965247003598,-2.2303376208736516,2.109139951039417,0.7259837102715488,-2.5907331088854595
2.2475673238225156,-1.3452114347487005,2.5143738674279246,0.505198426918852,-2.1820007353072834
2.4542758897237897,-1.1562808952129537,1.8385089552188663,0.3002019983374366,-2.120685880545508
2.261667847935322,-1.469332421001301,2.40616961461739,0.5807698182790073,-2.063088375531572
2.4270471827711138,-1.8907977021741642,2.2207774442867896,0.4805407007467995,-2.0451199783976564
3.298276891961215,-1.4253117729085785,1.812052237476204,0.3934106009486142,-1.7128885727008112
2.528317602634441,-1.8595694945793417,2.229807233643801,0.3329639786152515,-1.5316755559456137
2.7700120164286623,-1.6118304739146878,2.320254090433778,0.5169638776318508,-1.7868065812194451
2.6211832043236187,-1.7115891637477183,1.8391125419206344,0.7574902043952902,-2.083693833026635
2.399087884189501,-1.7387806448373382,2.105899766398365,1.0156312298107864,-2.266883228563568
2.5060548641681897,-1.1469448611461428,1.9800896521885711,0.6130929490624335,-2.26559838203672
2.607076774301912,-1.5467860662511372,2.2464324989199658,0.7968465128911878,-1.3526090894953464
2.644908293303394,-1.4185509208544584,2.048596075394334,0.4117084267973279,-1.9153790391345773
2.426149647465243,-1.4578847559325965,2.3293993839019898,0.24836435868008971,-1.7150303597177388
2.829278766834966,-1.5295171317477696,1.4695362752478514,0.3480445032263919,-1.6757513633597227
2.4942829844252796,-1.7498255580737276,1.8738062696929456,0.7101550066261383,-1.8633166079496553
2.4402669752075763,-1.5917061029536719,1.9020604627390445,0.2693974538753744,-1.5961560776326396
2.419419882697165,-1.195710369793626,2.3803290129806127,0.7495777245369901,-2.107905078179512
2.600932522584152,-1.506048901597729,1.774074534817468,0.5810898204304007,-2.2947599477899505
2.796919847115391,-1.6161543243245982,2.05028991396821,0.5708219678865355,-2.064726243426019
2.6466734503688185,-1.6187259141556312,2.217824324364311,0.16350507993831287,-1.968405105113397
2.984732249764571,-1.7500828311513936,1.8305637573687872,0.6284769624147287,-1.9551045545151005
2.5876575248183897,-1.377703217463084,2.1586803671404424,0.7774249604890557,-1.8975453357678718
2.4396855863453646,-1.3318565746993172,2.474970483723804,0.4668415634043566,-2.2436323261676603
2.776770167321743,-1.5300952909883996,1.4568326134964908,0.7118554192876054,-2.1338320464884806
2.4773666794239597,-1.4170049173577464,2.0476249199447665,0.6773629542847599,-2.108871592642461
2.6282764495440207,-1.5648866693959793,2.184702620221876,0.6538418710032634,-2.233859675511149
2.771495529043758,-1.633990861278512,2.2020144495702865,0.5918218283503351,-1.5404540808012195
2.444133504407037,-1.5873291990295493,1.9951450985280668,0.4242050542914311,-1.8000145245144874
2.095922347890853,-1.7634206047865886,1.7330492696052018,0.7375768979933939,-1.5723466568545188
2.473887695365632,-1.5422054307975026,2.0175130407782955,0.7904695756520477,-2.2318382835476434
2.5595922456836964,-1.2562005925543926,2.1252735424849614,0.5473954041496858,-1.7497384768582147
1.8241919267501907,-1.330531170117273,1.836481079218144,0.04234177578588577,-1.8721993501187548
2.8434146362907393,-1.534362128656923,2.2382186368007346,0.9030695644971614,-1.671271386603988
2.9099911323428485,-1.3144681272320269,2.0188584097253983,0.09950854702570788,-2.0615156220324873
2.289188351170952,-0.9572643206255466,1.9560285468919159,0.5308012016961214,-1.862128655989883
2.5109006115931134,-1.0762372398923117,1.844337659566387,0.5486518638093106,-2.185617646424512
2.1699943721948234,-1.6529422727263214,1.990740800737897,0.392674443870685,-2.173105244968464
2.1484206340820418,-1.5207763931571736,1.6238199064922494,0.6900139909224007,-1.9793900617663742
2.1356121251337674,-1.5773022692624659,1.8119608986023543,0.5797936276047951,-1.664887388494214
2.031206882588564,-1.4712434802131458,1.95996680110834,0.6678350191126164,-1.9467008429405777
2.3120076670652954,-1.5797634839166546,1.8009935357991278,0.7690017846496495,-1.9946720878320146
2.975297671438252,-1.5151652034536551,1.8228983082723844,0.12157140184679321,-2.4507849190639863
2.1039660142486274,-1.4332183372471292,2.1271812558074834,0.10470232449196665,-1.776240421480971
2.3792347370791402,-1.4633017470036127,2.4030551570638563,0.724209828966383,-2.067132661976458
2.2772019436461783,-2.0379538503323262,1.820211670189395,0.4472174402930764,-2.246794881787796
2.4671857582269237,-1.480787029260308,1.9437860045479805,0.33749935479413506,-1.957836332008318
2.610485162392352,-1.7725997693607116,2.3527330949365677,0.4753529669289346,-1.995287594263788
2.677053605814139,-1.4416959671841245,2.238284158478311,0.571781041300456,-2.1531093436601094
2.5903758813015254,-1.7859315518301655,2.0271399264441308,0.4916925023388848,-2.052029214318135
2.4678656221402675,-1.9704622613744098,1.8628187730647596,0.5232112252852786,-1.96003590200065
2.2430812147685106,-1.1835730397838249,1.783456287946375,0.7423643001316842,-1.8932014095320788
2.338443172539049,-1.056172276847622,1.70159079206088,0.7297885434025004,-1.7498544204892554
2.3323449477308387,-1.1518836749839179,1.9374883713502618,0.5721734073199642,-1.9349195403071948
2.466422814632363,-1.2972979317100544,2.1983721801380534,0.06286700669045481,-1.6739149392804618
2.0843770029910815,-1.2418634489145857,2.281676284206896,0.22725839244620044,-2.102703571988646
2.223573832878516,-1.5537302575721839,1.9229914289535648,0.694915133067335,-1.672422813470098
2.848920952697489,-1.6405420066445755,1.947694531563868,0.07914045194476244,-2.201467516624047
2.7412129082743646,-1.096104294112942,1.6914127820300195,0.3518839352117764,-2.0066014392397316
2.5700402897049015,-1.7024008799804116,2.1060152611160223,0.38154016323227097,-2.0036130677195696
2.636571062000925,-1.4983944325472656,1.8909035273683579,0.4725975490185423,-2.022090739801334
2.4074972425294683,-1.5646990156667755,2.3996617926261794,0.6402298619853097,-2.07387007950729
2.674238601127684,-1.5834548724390025,2.29328115939666,0.5924105480495234,-2.0268255360010574
2.6119292314525695,-1.8927190380171248,1.7183081327725487,0.20151874840023615,-1.9642642263090733
2.933128749871273,-0.9421749634518419,2.1595127753601893,0.6252111187361142,-2.4502644335381847
2.3643315500664945,-1.6969459379770597,1.844788100437221,0.4579640453538026,-2.118022644424282
2.0051750474060532,-1.3130224359706166,1.7318142435650483,0.5598117160277873,-1.4814793325625066
2.270153852103394,-2.1325718806865823,1.9284989445299723,0.7752399087496428,-1.5104131364448516
2.192612601386896,-1.3758251941908695,1.8836723858049866,0.47351291142396607,-1.3389141632457413
2.1242574179012115,-1.4365650846263567,2.116923292941358,0.7714465812348368,-1.975504211632276
2.5770126348760254,-1.5979121418554478,2.0672817353112767,0.4142019311256474,-1.8446070275359874
2.4075974159890916,-1.4057249015244533,1.9926842965787555,0.781512562693042,-2.0128484308971215
2.0567418829482795,-1.184519624821502,1.7735669247843453,0.33655841533779507,-2.148915323510873
2.843609523292704,-2.033918553494674,2.7844371334149987,0.764014202266513,-1.9441902714677102
2.4862764998459284,-1.4286114812855857,2.130280607094835,0.6613038964875142,-1.861098883499138
2.5223951703138123,-1.5493346050768315,1.962181679086622,0.45127292991182977,-1.7165574757832338
2.6483891805702156,-2.23509715866607,2.16397519413244,0.5486840486796937,-2.0046771891114745
2.4028703867277788,-1.2189718200034967,2.2368816155307143,0.3067805830440977,-1.8982369282188662
2.2570858163646785,-1.8449045411972327,1.8433206938525086,0.7155983680956897,-1.7617187386559783
2.628271355024323,-1.3187260532880007,2.1290445717787394,0.33962960119426194,-1.8920193638315148
2.7001023813069205,-1.3114271675466065,2.2972283428686606,0.677075961800266,-1.9121379481146044
2.767537559579107,-1.506630314812265,1.7795313371930706,0.45923325901405904,-2.1862256612016124
-2.2363123962410336,1.4494184652495687,1.2226530276500136,-1.107786535373664,2.337234866566175
-1.9253472024194715,1.5004219163767785,1.2140189791261333,-0.7692640160486582,3.3281495481692955
-2.5626459525291407,1.233046327501825,1.2308001775744457,-1.3289660853881027,3.290316194676112
-2.0678391485704815,1.4074198055412863,0.7986481724576363,-0.7776036894267708,2.5662595618012847
-1.9790235794067852,1.597081928285367,1.9762305085435279,-1.4580871396916892,1.9431707454627112
-1.935652659336207,2.1301789135287987,1.9336312235288031,-0.926619204653881,2.8279273350287832
-1.7175070911769414,1.159258830103436,1.6667252192746767,-0.8230854442916806,3.371073467624608
-1.0341189863811229,1.6373455885125685,1.3218627310023754,-1.008951009267198,2.3808234332888087
-2.2431495958811705,1.3567511466604136,1.3165690607228926,-0.9466757947881973,2.7121530236662297
-1.607639266436435,1.500072472721369,1.496744887601485,-1.1147631507795213,3.0543167393506425
-1.7112156073663278,1.1965044245011849,1.2696592288236601,-1.1063041100718327,2.528945176784375
-2.286740250902524,1.3333226942593694,1.8060362132494547,-0.9081035348493263,3.0677564689786405
-1.7021857132412097,1.4519198740602113,1.6366626974751113,-1.0361276135263737,3.09287682228987
-2.2039655301640537,0.6464139946032499,1.4530022932347935,-0.502038152365021,3.3241753907845575
-1.6621108803930902,1.9326457526321763,1.531030156836503,-0.9309395024080416,2.783821836597977
-2.1106254996094673,1.7155199024198995,1.9213595530090857,-1.04880619648835,2.8424337573020058
-1.999815214400191,1.7104223621251902,0.9946508143532604,-1.8036633335980334,2.8073121026779457
-2.4272493490699554,1.3221509308234412,1.448276888413885,-1.1586369431580548,3.508363637064761
-1.885639332389188,1.6051660258637899,1.7177725004151907,-1.3985915912232691,3.363689125597094
-2.026517500287411,1.7346682160344244,1.1248499684359456,-1.5438155681056225,3.28626138030876
-1.8682566658658692,1.1842819559748714,1.195617921553857,-0.6060978254548307,2.5837058374964355
-1.4250644663604128,1.184782742873246,1.723437173962934,-1.1150164665121447,3.21111560087882
-2.1904399007399675,1.4430224828746971,1.5143217113885024,-1.3507656095235154,3.259288520897044
-2.179624748265055,1.4199900296309935,1.1519777188870206,-1.8968167805783587,2.9331402830899407
-1.1555846024354794,1.7746115007643084,1.4932588670929619,-1.0920117902228936,3.0078630624842164
-1.8085083096886765,1.0867155146419043,1.8900125931341052,-0.7496165395955645,3.251365003997777
-1.8465334914165954,1.5068658301928965,1.735501432588387,-0.7928650531905177,2.8760857511706415
-2.200760620513915,1.5356497033416954,2.0421570530233155,-1.4336874764788652,2.486366156986646
-1.9423337055672192,1.5178106956496062,1.5606695825296428,-0.9146163807320249,2.921879210877818
-1.4785477964892713,0.9396836075332196,1.210026041326914,-1.0361391660521666,2.4248839160960416
-2.061549041551225,2.0815145580048062,1.5073102709035866,-0.9192546829984608,2.5589423321895968
-2.215726492813817,1.3686812668866222,1.388799716135318,-0.551424671748681,3.1951918712537934
-2.389010284927961,1.5862766724512016,1.6743776119738747,-0.6009478365175567,3.5531892402989307
-2.355282967139754,1.2161998710763817,1.0598477493798844,-1.0819069506874435,3.163225431056217
-1.6544329191938143,1.473417141725117,1.3880533668608046,-0.9468847027129409,2.707699984429492
-1.2686614474068294,0.9373186405086795,1.5646592026135036,-0.2917378232696263,3.002379945595999
-2.066513662250523,1.3748941020163505,1.4368629113831572,-0.5195030338632145,2.2258483310346726
-1.4632982045462861,1.0016149966424492,1.4066716847679548,-1.1502355471045316,3.205993644419752
-2.5593435231593116,1.66176043312868,2.2085083681503983,-1.4771109016074837,3.0663971586636385
-2.2316937622288133,1.6490605221675625,1.5067017220955132,-1.2245204181655083,3.170755299704876
-1.36847816157464,1.4331836728954455,1.7519152797518638,-1.4526455352549072,2.665247268113697
-1.8346578027418678,2.019440609987588,1.624464672074981,-1.109570310683104,2.999751991898174
-2.437642706889401,1.7115803642243783,1.8088165718131932,-1.158231616491578,2.8354852482841744
-1.9069426196217831,1.3471480923857917,1.476853584880962,-0.2650973737917196,2.913541004738901
-2.1254190532074277,1.2733603680276944,1.7604671900249778,-1.063428460626336,2.7727194365875008
-1.5375435887044457,1.996861051579773,1.2898517519914532,-1.6532889829762156,3.3526297914429226
-2.2396204390160013,1.776718959706969,0.8104636638008577,-0.6875909315952418,2.5760898247517265
-1.7442325583267164,1.5049955737427518,1.1661212032111743,-1.1424627095243731,3.2402114599348453
-1.962936941409668,1.7045445431653694,2.1917542045804197,-1.547484564098868,3.5660244012390185
-1.9634754218668755,1.1854255830869052,1.0343902309913535,-1.0661921367719618,3.322577539173561
-2.044642192132137,2.0289042255865715,0.9920885084819544,-1.004231131746119,2.5616622944554086
-1.8727288410812613,1.8104105865340552,1.3527333722116315,-1.911474849819497,3.069631851378773
-1.8471415068932717,1.6415031642365943,1.932523767137754,-1.374868787877167,3.238075636907657
-1.5826223706327087,0.8774943455977191,1.6118781390716421,-1.176462940852685,2.971467064414424
-1.8783132307615822,1.3294700025602566,1.2635021722934359,-0.9880466538791914,2.619463921398019
-2.3800387951098148,1.7377806490347762,1.0979220876944704,-0.7667906246817758,3.161906952498883
-2.6040323550767086,1.2628523716825208,1.9179382910665803,-1.3434079358988886,2.8374585081917143
-1.8382786873618362,1.7741866782489084,1.4119613898844265,-1.2091285681420745,3.4978294515944777
-1.3913851176708474,1.8426003177736283,1.5298613498977585,-1.2828930025743241,2.7093444577052024
-1.8171200631569848,1.6464393773110393,1.9905595075312503,-0.7723424676123514,2.4739218943840635
-1.6318183337969785,1.1506787804399554,1.365610054816677,-0.9124299278119069,3.6984836214243875
-0.9115285053981237,1.712353070697664,1.4358811834478642,-0.8129230230318074,3.3106793990558425
-2.112233668945017,2.1283239745693128,1.5805247657169907,-0.825789918818012,3.2330734882190613
-1.8524446862849406,1.7936291751643643,1.283961384708577,-1.1954056138811107,2.6149460184599067
-1.8461745692829208,1.77262777622924,1.66022050315316,-0.41392764832836204,2.9980413934098338
-1.7659404205426206,1.11790469335124,1.3645151041339596,-0.7565617848519779,3.2971857387601005
-2.1028884316824636,1.4749402618496765,0.9687441886617167,-1.1249602202823132,3.3116341072319253
-1.7986782443627019,1.6752330024834234,1.5174207905133361,-0.9975278944801382,2.768887601184294
-1.7554100529291128,1.6473405305362865,1.6722065967974797,-1.184112194933653,2.2463299780450647
-1.6159965508862064,1.3324068903970585,1.198028482584908,-0.7572823808301022,2.862795576028305
-1.6290222655836823,1.7159520823518442,1.739249263120167,-1.478084498920187,3.4241803948852403
-1.9085623140681505,1.370753001263829,1.5501859635697879,-1.621682331514412,3.143028484018235
-2.360280027863725,1.026565399954763,0.9671742848237381,-0.6105590687535262,2.779757812207524
-1.4631953015292254,1.3124694879316958,0.9024247148424687,-1.3907835539820308,3.4325340670024285
-2.0545643622778336,1.3080994462282898,1.5560063790484757,-0.8243760423413593,3.391089585565861
-1.4930252695374757,1.37408097397382,1.0358833098712865,-1.1447128063931467,3.0910981773040103
-2.337315624173714,1.164997179786735,1.62032575854246,-1.017028323049658,3.011478948394055
-2.2654733671450242,1.4193597500279815,1.1765183995060935,-0.6884305561063246,3.3623372671533134
-2.646165751783333,1.1746711989326566,0.9762147607184724,-1.2275083770424144,2.970796710573374
-2.5073758268944855,1.1773490654061405,1.1486149197714757,-0.9274564347103696,3.024270517962688
-2.2526081436680387,1.5618873052487894,1.308661970394457,-1.0950792886141187,3.585708231604488
-1.5308386318733782,1.0451465670753408,1.7904063462577111,-0.7160112059279428,2.598107848936584
-1.7134278246857988,2.0382761714443935,1.107109317814455,-1.3211259873549923,3.3561815133952257
-1.9049766412110232,1.6930166963338331,1.6192062257401738,-0.8632564276751495,2.535734755091121
-1.633438802682493,1.9093564973497208,1.4197132395761902,-1.015216932434852,2.4641123741054973
-1.8200108353937579,1.7002201045999503,1.4782331440502412,-0.6064763240453241,2.8830729691570207
-1.80238792593724,1.1431174814577596,1.4917567471940167,-1.0610239902659926,3.0788577727143296
-2.1293344250916757,1.4539845915149163,1.7891165100045272,-1.152867483033376,2.4376980147414624
-1.3876456335281029,1.9835089275416702,1.0477080567130335,-0.758602268164182,2.82395883030703
-1.9077794746341292,1.6029784451547229,1.4179572698892873,-1.2743179829552387,2.758310631689309
-2.3206671704184347,1.2088622271193443,1.4764875984827257,-1.250515996188763,3.238718222999417
-1.4794638456324254,1.296981365520485,1.583791575187382,-0.8251102113939732,3.165200794821746
-1.9734156562293694,1.7599388464259027,1.66878713343823,-1.4331818478145542,3.3042046225362456
-1.6894482069566403,1.2328498635374965,1.5132782424066606,-0.7608348525161257,2.9267401631472234
-1.624457683281896,2.3273553731167764,1.2249048885777563,-1.4833656111038211,3.1063365084617063
-1.7474531232058497,1.4191967691543308,2.008641232162362,-1.4685120299031371,3.242521518061064
-2.212051287265613,2.101782267172554,2.1973803736088415,-1.2683298057241719,2.807655002431997
-1.6991442395570693,1.36450427257367,1.4841060737237166,-0.9911140528101564,2.3281143953308203
-2.0048432111329832,1.2585952790775392,1.3274070121600798,-0.494728798785915,2.56022258700226
-1.715378184638208,1.402362974383867,1.402083941026458,-0.723369836381901,3.1190179530991116
-1.8002854509731643,1.8388646311865013,1.384042065885837,-1.2142828570777127,2.620197315704771
-2.288893685492634,2.5321830488580535,1.9356378532578753,-1.4728760281728075,2.5371397151397503
-1.831346878398528,1.6915426790822885,1.6921093423610776,-1.0892345277437943,2.956091008998985
-1.885242166544225,1.5300625522026656,0.7232448695383628,-1.0804298707013178,2.7020077480088904
-1.9386760033820207,2.544840650911193,1.6286185829160065,-1.1097353901603393,3.322630525692038
-1.8310592394767755,1.6470330716581445,1.7123977076254848,-0.2802097523096606,2.6041890476359297
-1.834228773115991,1.1757666045064616,1.694429426219787,-1.321540279020133,2.8539216152382205
-2.1032814699832674,1.8415358517706482,1.8214590553798449,-1.4360010817562345,3.019226938849947
-2.2483529491622103,1.0595232812636328,1.4240440323514703,-1.1079689759595368,3.8493507702209326
-1.8484640611237564,1.017833874736017,1.3023290985401703,-0.6425158465997105,3.7309549705044738
-2.555094159283285,0.8420264652013343,2.1548378113801236,-0.8636350379201836,2.6960975438432717
-1.8128798198571476,0.5774882913440929,1.5011814273090063,-0.8852625895049202,3.3234945488382404
-2.354863583302388,1.5299905064911756,1.1761013808791445,-0.9106156855139891,2.6866287871729417
-2.142835293706077,1.1514646118234197,1.7278976846382799,-0.6995421091701672,2.917882800514905
-1.9866167017639902,0.9929930048782596,1.3951131731976245,-1.0175716159646107,3.9172775818604912
-2.389188459020957,2.012462033563353,1.8489005707130328,-0.9017772584284522,3.615517169468297
-1.869763084587598,1.636205718483775,1.4814077714438592,-0.5717508911534803,3.3837642318338093
-2.2189870506236744,1.0382634818904315,1.4289567769115201,-1.2800134975391761,2.9777663988846257
-1.5668966528605512,1.3399444207196236,1.4850118165409487,-0.9796920428170617,3.2969508087718498
-2.786411266894612,1.2876548968321462,1.5739492922978155,-0.5799723652505986,2.827834143372828
-2.656793447114656,1.7168990060881477,1.2776231639110298,-1.4163833306816265,2.781479113600372
-2.0645838751795473,1.2883393674116255,0.7280518800153258,-0.6860268310895037,3.446206264447553
-1.7719673030311731,1.1018100153513142,1.4294779631183687,-1.0022824603303104,3.2095780363466684
-1.7660808289486718,1.2430391704275265,1.5286984447447463,-0.8399518583846657,3.5095378127513683
-1.753422711061347,1.7761698405814317,1.5293393197752763,-0.5063392991787736,3.143416978585824
-2.3013807685607497,1.9911794895438168,1.7442661453886597,-1.1550654073949689,2.832177461410265
-1.8961985592007333,1.6621146783436547,1.5690522929709223,-0.8910419642949903,3.594985081101733
-1.62495989671779,1.5667224569427585,1.8294587032686191,-1.3613833662346388,3.1392744674813833
-1.3667427775934113,1.4236839366126692,1.2033281249833203,-1.2282311110075712,2.6186284369301642
-2.2746666678446963,1.3703221654934898,1.0080515432874753,-0.994533583117639,3.3157970108253263
-2.3177146630514223,2.031749373274619,1.6787772309846583,-0.63929679503158,2.769757906151752
-1.7009161705266846,1.1178231348616405,1.8115866252927781,-0.9398562310722641,3.193637926994674
-2.411458111968698,1.1867255552031883,1.7090298763886846,-1.3319218014784702,3.162122202234693
-2.478498232261086,1.7968609744333337,1.0686168398310218,-0.8066950218121669,3.2189708267761
-2.2438701364503513,1.7037092984796545,1.5911547921667446,-1.1885946496674584,2.6470058605733273
-2.6869189920854026,1.6223775165548928,0.9523190300232808,-0.9666295301955421,2.9077931243712127
-1.7623000285966315,1.3942840751785475,1.3846932747785181,-0.7438452534990966,3.1172703101794412
-1.8893454149860276,1.664243656432984,0.962549756877513,-0.7351239620045563,3.2143640779047606
-2.355839095001774,1.4145718342140294,1.486242449330329,-1.0470738745406065,3.116850988298987
-1.4990216263590859,1.87861835468549,1.0407232822990078,-0.782275503392883,3.4651266618373935
-1.864617017758779,1.8818431488150884,2.204294655995268,-0.6417016588625566,3.0872580084746053
-1.6342190340703362,1.5507107415839119,1.5083660651497344,-1.1229949824998064,3.547194675591238
-2.2864500330797006,2.0363287036373405,1.67495244330913,-1.4897571611806795,3.1286772525469977
-2.7350092776780683,1.7189278058908626,1.8098310190461468,-1.2073245844782188,3.043241693584454
-1.3160448981873998,1.3229886535083222,1.1293823445301898,-0.4814178091380905,3.686905516685778
-1.9987065148532535,1.8540120623929246,1.9695165704358084,-1.2598694813884344,2.8301429576212462
-1.5691939203958427,2.089754997547978,1.6970083010610242,-1.307935023725719,3.6954713890948043
-2.1858398142341877,1.3827017765899918,1.6198182420713676,-0.45604385274982906,3.298891591793278
-1.8547970748733313,1.6621509855413372,1.5152301340252132,-0.8046511699185228,2.1146539728069937
-2.1038126106744293,1.5844626772208734,1.0971450707331725,-0.8647868387659541,2.9284350726548576
-1.3855835055895787,2.0505569038252,1.336968050808643,-1.0527931990483435,2.9741183520370624
-2.158080816655868,1.5682587444098444,1.2346012758893434,-1.3957153672281342,3.217948928365094
-1.7796646455223661,1.2184894841190026,1.81337440076691,-1.221052205207866,3.0886078333132936
-1.7128795955856404,1.4882356023537004,1.659159319249397,-1.18075037536065,2.931236695800166
-2.0720508008081193,1.2386975787109165,1.4381290429094762,-1.5420164046023113,2.8280961885002633
-2.0997064226793847,1.410337086626617,1.4154758939452274,-1.0216174699510452,3.1678045313301224
-1.693919024053617,1.2725821706031066,1.0788797006137996,-1.364715544285086,2.8294789775817755
-2.1231724612357783,1.23050137683089,1.046359167512537,-1.159642289615966,3.06349931703989
-1.7917396869575524,1.3049019314120875,1.3554507622497982,-1.3243444080965587,2.9889962903688283
-2.296950021966785,1.7005947346344201,0.8749467278230612,-1.1258703853583618,3.1053875687171097
-1.9356579192871235,2.442561782393174,1.6224300085987675,-1.3514191088947036,2.9665875135188244
-2.621686216713258,1.4717900877461336,1.2084303800497345,-0.6796134035539434,2.8076609038915628
-2.040868070528336,1.2775547555084588,2.108597973148666,-1.112434968141269,3.6413949652177204
-1.7150468832586068,1.6687233545673852,1.6290566015611319,-0.862170945624312,2.3253145972290366
-2.0976091879527647,1.7958052899145125,1.482885985784063,-1.491816446381251,2.981658442297886
-1.403563069310578,1.9364121004371517,1.478298596721889,-0.6669927530296698,2.871722542871182
-2.5963550553893517,1.1764369041546558,2.047011068977869,-1.0958975786402565,2.9148156072187437
-2.1049433686962082,2.1664478063505523,2.069085620376722,-0.2234269182931532,2.944334176359982
-1.8965314289385167,0.9691751077027232,2.0169270491413958,-1.4087228429437773,3.07587144731692
-2.384055884671495,1.2938966106414564,1.206958149132605,-1.2127563412365363,2.8113070538978575
-2.191894078223777,1.7916668691231075,1.113298022428118,-0.9228105005451466,3.4262857033069456
-2.1796187275796886,1.2487283882383393,1.4193163811869123,-0.5870961770737515,3.0679376708336754
-2.1859250031126596,1.669356827915814,1.114197747557252,-0.7615241713449682,3.1430125576956187
-2.1077329648986094,1.206494970543469,1.18966167720079,-0.8128139322789314,3.4301431758711716
-2.2230577114600782,1.6604353462430195,0.769540543489276,-1.2046162057300198,2.9891293734951843
-2.3183891959436416,1.1722227688236413,1.2662771552358898,-0.8977325450857694,2.934434843557769
-2.78338093166374,0.7577549465777269,1.2875971877499885,-0.8398096948812568,2.038373305046168
-2.1749055616530706,1.3158132502189026,1.9859182223729568,-1.1347576340995023,3.134046144659325
-1.950560000969388,0.7543017320674799,1.768872525821108,-0.9246112230902992,3.177894023886106
-0.6258168027472857,0.7705604711754941,2.103643827416388,-1.1006066317901244,3.1005651165410533
-2.0159292858554347,1.3515172833106848,1.3005584751164345,-0.8846719425494468,2.4689892061649124
-1.737297291367382,1.3543319582901612,1.1044757313358748,-1.1575045002985347,3.4400022259019005
-2.1873672804556783,1.625458766373367,1.2441653034995843,-0.7347273525267332,3.2399277085765714
-1.352986908346256,1.4385526190752747,1.7340291816652673,-0.9656763611613695,3.453555123652055
-2.2515913356630555,1.7607518595070484,1.4318559463591614,-1.0224658619879743,3.0321133695569307
-1.9117158612506628,1.4593198349073147,1.5751496141096841,-0.4476586798532355,3.3449073899653263
-1.6957958926260863,1.3405611658916452,1.1887657101200866,-0.6656448046167865,3.306616377385428
-1.4845652634871565,1.2886067809107697,1.4196579706238786,-1.573819456883902,2.8626351128786944
-1.6512003212971935,1.3367266172701306,1.7241679283202882,-1.066676087099234,3.1134199598775463
-2.4016919864354835,1.5298233073718654,0.45310241018474695,-1.0654136553566946,2.429334364699701
-1.5779019192086143,1.772092573467579,1.6633348436881283,-0.46764782049421705,2.667879217711307
-1.3884228807295547,1.8262670474911347,1.417205649473369,-0.6025329484859696,2.612797270655928
-2.2885799565346856,1.2869935968661048,1.3148578021775947,-1.3697951749660884,3.4280790734833637
-2.090599040129441,1.6233767389249079,1.3003770217552117,-1.637211155191981,3.0945200754369977
-2.669289241396922,1.475978083870086,1.0210897364085163,-0.3044534002692172,3.318976952761153
-1.9629861730549818,1.9422973371791339,1.2037894078869924,-0.8097822174654674,3.06993365180155
-1.9075929715332156,1.9453237250373687,1.7563722359729308,-0.8989467180112418,2.4207893973200965
-2.3360162033478122,1.4570518732414965,1.532680330996828,-1.3955713036358732,3.844086836452447
-1.4692620806612495,1.7107414121373692,1.5252129014493108,-1.074273139465403,2.6668285389922177
-1.972881818518398,1.5902133890499628,1.0653837985814314,-0.8830382539642859,2.945659332911338
-3.167732645257087,-0.0011347537728256807,-0.44476193669757547,1.1606906800690666,2.6947935935868155
-2.967418549184962,0.4701127012961729,-0.8415563961284278,0.8789418688604757,2.3351063718637426
-2.53277266605871,0.7640288266397665,-0.7505072490044875,0.011008635210453088,2.295740235778898
-2.136567402143239,-0.23177112641689485,-1.291254459338699,0.34209439955685045,2.693109279968822
-2.0799083875914097,0.13789352327011034,-0.4439993124906008,0.9038652569895116,1.845590405106603
-2.6359822713140533,0.3666483614737702,-0.14277344755023802,0.32156765738319115,2.5120543540970446
-3.370914573694546,0.0696130556831531,-0.14127195060593642,0.15619708801086218,2.5206444775563592
-2.3435946247190556,0.18010777969978226,-0.2403376801512002,0.1630436021503857,2.4276860521063837
-2.286424340643772,0.35494053633895195,-0.5052859443473774,0.5784757415017776,2.7501134267228164
-3.217479447502117,0.7056759227345641,-0.4176891585383752,0.6489214766340806,2.9190364232758297
-2.980085794030663,0.05169564915035871,-0.40099204355649665,0.2256862676064501,3.1072278015428827
-2.7998702328393774,0.10555862717959669,-0.2284638389389581,0.07924766587336896,2.361511750885308
-2.3888913585624385,0.18349885846612107,-0.33268540061498186,0.31473376064307024,1.9699353917867315
-2.3874423760312666,0.9142265750765346,-0.29355942922579664,0.5788424410366423,2.7424529642909006
-2.9442656737913446,0.8958801303453618,-0.22918492125201928,1.071149914681188,2.243438451566604
-1.8636783271047612,0.571304422912174,-0.10643596995167456,0.5819085590236017,2.4130149836739427
-2.0798139195341445,0.34912595444681643,-0.9884743962555032,0.10898473840254919,2.4349539867325385
-2.3915003558920556,0.2801940288850365,0.12663977642778212,-0.18288565241351862,2.550255777776806
-3.136292728885504,0.5658993034194589,-0.3330605500547009,0.6468634902084414,2.1976409637935816
-2.0521872739197873,0.664603632420598,-0.09575949394583932,0.45466896359779574,2.702950049853296
-2.7474123987955723,0.5994444806572492,0.27731831301337234,0.8747136959927151,2.2446391355674065
-2.373503938954414,-0.1525995403155267,-0.09966339108851349,0.6577111945018885,1.8455642811637425
-2.9066243453693272,0.2009013861396815,-0.40530091149928915,0.07668307260341817,2.6361425552732642
-2.4119842368708206,0.23200580380751823,-0.5645270250554271,0.8670474942457972,3.0793924895809033
-2.669246519346288,0.08574157899581275,-0.1280773171058013,0.3746897170885548,2.451210979767868
-2.2411213968963652,-0.36827463062755245,0.1614058136984342,0.5254381835152695,2.355977399403237
-2.531231953977507,0.28685027425718157,-0.9059204562057239,1.0232283796086326,2.5144639712947163
-2.3449492543434185,0.633042419700915,-0.657406860146105,0.6657151646623299,2.4063256181854222
-2.203630228674227,-0.44452959712302337,-0.33468300508444415,0.28901277047561347,2.6512920327219542
-2.3354845344211292,0.05233093681229087,-0.5492608524616152,0.4612671210049347,2.186175220439677
-2.205305706591756,0.17077747984339384,-1.3174458767625745,0.3688122801823679,2.1365096627046096
-3.070946535411331,-0.13309932337790037,-0.2617070348584605,0.9650242898868808,2.609614565852743
-2.712276185875509,0.4595664683097459,-0.4606816085766471,0.2568898707928994,2.0959730661184555
-3.1131400823631017,0.16352670270419414,-0.24468127852795385,0.4661817154947886,2.3544115752184247
-2.8310111212438733,0.512886167089739,-0.7609961719813048,0.7716097698452163,2.1492240433756464
-2.7633523330735623,-0.21337481671548691,-0.4754907514099728,0.8413593604672926,2.680469830955385
-2.1575522607901876,0.4827498910768775,-0.6862844399856292,0.3842237714853549,2.226930304808888
-2.034298783586336,-0.11887602624920901,0.012794191286188805,0.8125338545380691,3.1403670706006306
-2.643390307420324,0.5493127558530567,0.49857814278859497,0.2838254130732062,1.9627359133636741
-3.158003511867717,0.549449210101466,-0.9591025728205043,0.369688331471727,2.6530596154636363
-2.43518856210953,0.44890570246446027,-0.22219855046970108,0.9476030346596875,2.1666892667414213
-2.736948298460486,0.029569194155211642,-0.009432865848086447,0.8151395059382722,2.657928861761478
-2.085777216588525,-0.11231430358173322,0.283528439042898,1.0331335175992904,2.7574676990360114
-1.876370381930129,-0.2798181226872208,-0.48355684769192814,0.2426437887613167,2.75251776331507
-2.867549258860751,0.5651233022681199,0.17968765039884965,0.7433210150293997,2.5993128582815253
-2.8457556693152624,0.003602161856122388,0.13736661685383333,0.7727721513668663,2.4863431682178594
-2.646268341018062,-0.40903275558898183,-0.6747983465395535,1.1689966804989032,2.051840550149137
-2.433682062572622,0.6526053906183195,-0.7392229338008023,0.5646486661733792,2.828270438128729
-2.4956252373324626,1.3039410694833689,-0.8840097406073684,0.8705549854593576,2.4395193919112375
-2.229827945807164,0.454457503094736,-0.5566046689884987,0.5801487373607691,1.8497344920105996
-2.288863374800012,0.40435546309668396,-0.07646894097491416,0.8703414137805026,2.628666944073399
-2.4481687030706034,-0.008373917831452304,-0.5492772672771677,0.9153571170620658,3.002717391997092
-2.583338652709219,0.3161009615386459,-0.616615031247818,0.9104648958436057,2.7328958882921226
-1.8205738972376877,-0.007413077012908609,-0.43230276465637596,0.5810060728839503,2.7262713382040196
-2.5754836731416715,-0.005536381658795109,0.008492635123249881,0.7523973768909535,2.1793040648026962
-2.0255950196130765,0.7095695482188114,-0.2529962259632725,0.5278592518316128,2.6939202198905674
-2.8015960745896904,0.3105110177074287,-1.0533342406132131,0.8067594759260275,1.9534773721453491
-1.9738030600498504,0.1844579671117424,-0.3740834436759119,0.280293132870423,2.3991863941272733
-2.003514029198187,-0.5707330297872777,0.1469378851308657,0.6183082183855979,2.0775424232499744
-2.876359337567233,0.886737559522871,-0.6309274079799558,0.09632732129141425,2.898060089827655
-2.38150649329993,-0.028273951787739615,-0.22418125860838334,0.140986560725903,2.885287489447912
-2.128520162294403,0.48620216958768003,-0.1734186285635442,1.1164158437035807,2.499890214585879
-2.91365594389728,0.45731586949130737,0.43011646733798975,0.1448341773849518,2.373488031657105
-2.3542438866644915,0.28113330284799126,-0.6438062531320601,0.8926502496806648,3.3120142527060406
-2.4313539893416323,-0.016423901407600083,-0.8421361837687162,0.5902915934274133,2.88635707016069
-2.3336912887266164,0.29915865567840116,-0.5062450781262571,0.11774272854866863,2.7921629642137087
-2.180179932515045,-0.24100542534175656,0.2564436423632393,0.7009249273129005,2.9898581258010277
-2.96974471196979,-0.1780384543954036,-0.3521392584185539,0.675974549413318,3.128726288024437
-2.252872380164704,0.21506155311578834,-0.6592292226830623,0.9305002004517025,2.1623531009872496
-1.9300360058296875,0.20046537263772174,0.2567037254162476,0.7376259515207474,2.45205157869514
-2.6817887301391443,0.18068224292887208,-0.15008915766866687,0.5270047736762009,2.292166007175953
-2.557970993611171,0.32750196040170243,-1.0450569330451842,0.6603588401760445,2.1570975713491176
-2.903666341122011,-0.29057052148874857,-0.9278623742537615,0.025593373910698825,2.2518426648293284
-1.8163593018657012,0.11594211343667862,-0.237787462806189,0.640168485277215,2.545872815175547
-2.527105211254098,-0.11835281725973562,0.20782464189772415,1.1325188252732596,1.91106945705706
-2.858410006810233,0.20206638016804787,-0.637588228218567,0.6770879437095528,2.2451047291576853
-1.7422303762676892,0.7166920080202586,-0.2255990892787248,0.8594451921619062,2.8870651485250582
-2.6973816208203854,0.014323964410312362,-0.2726499279606234,0.8015726435742804,2.5486711395286963
-3.0519487687668487,0.01901144461720522,-0.3258905022580323,0.4735170384859594,3.1903897618764328
-2.985095779839649,0.4769562346425561,0.22118958791490134,1.2950074108979786,2.3584609018856137
-2.32799969154793,0.49941612501952637,-0.2315813939563482,0.46540417956624286,2.652591386325016
-3.38628612982689,0.538724321521921,-0.2558377337183115,0.4221337861276071,3.216401768501845
-2.736226906576693,0.1589234038272392,0.39704365577165684,0.2087785433025502,2.3074596509722114
-2.5514588982007975,0.5942570687453422,-0.2272691224263403,0.04758112849670809,2.3137410029054837
-2.712574051624274,0.27297263417193407,-0.15095471947955982,0.6463720145607902,1.8783958860830592
-2.1276206543537004,0.3883990960988182,0.18458621665786717,0.6554694145517351,2.8854630352075166
-2.3367091409924554,0.7711790146709618,-0.11721227739377751,0.4657296637449836,3.2953521521564086
-2.1888370072020376,0.5008105473515445,-0.7467065457884176,0.04909233388776185,2.602450418749649
-2.4490675807811155,0.08505710224708934,-0.250656055135779,1.0560194248152586,2.7433908660926045
-2.899352978413458,0.2609719104999697,-0.5817382682983963,0.3643050292570036,2.355234517029625
-2.6671759539114017,-0.13929738019068816,-0.34467913853136656,0.30378732710344153,1.4746929584992063
-1.781459791424418,0.6810693789758352,-0.43170525372374857,0.5065866674092094,2.0899209784388533
-1.9064969927661972,0.9640510431705891,-0.24515719511371636,0.8582357254648706,2.5613503726268734
-2.9678539036065756,0.15586182086271994,-0.25382521162981503,0.34090829843979453,2.4234713528977374
-2.53198984512819,0.2716925257470885,-0.28170952832588086,0.12878822676118973,2.2490443478052224
-2.949604492994989,0.6422354423901702,-1.0369764296441135,0.903756620160924,2.985222289041995
-2.6057632054439175,-0.6110979807395545,-0.42645869668855163,0.47753554354891325,2.14629062302488
-2.680326437832885,0.8355683196021728,-0.06727549319439066,0.17640255996766502,1.940840290641599
-2.6144560611634198,0.2252901272273466,-0.12633028442283928,0.31263915060131936,2.6790248513766515
-1.8226960859789199,0.5854253578554919,-0.3168309775657704,0.4358973351313469,2.375164403037045
-2.0867756806417495,0.08044029391704399,-0.2841720518500061,0.5179192656583799,2.3243755325159636
-2.9803629417594353,0.4130410762661838,-0.32135139014938424,0.6750841643027994,2.3132398927462914
-2.0727125454154334,-0.006870823424145689,0.29921409940626237,-0.11167277843989154,2.652169522594912
-2.333599261115682,0.02155502622069122,-0.1514621217486456,0.9478315344160555,1.7241134062260774
-2.324039317378215,-0.5726447871155271,-0.6379826812331229,1.0702082277153306,2.296376288312781
-2.9108579875431406,0.23072179485536135,0.42376721835724324,-0.1410887865221091,2.1320415309262293
-1.9758989108871308,0.9501958202382064,-0.3362009285015994,0.06633155411567515,3.233545225633206
-1.941945162887781,0.5376314457167815,-0.584340822128097,0.4828397307066871,2.4438739716343094
-2.3842020433845477,0.8078505033459675,0.007795964398091104,0.12291837305533465,2.981773757506838
-2.3904037509953957,0.5404730285506206,0.213289300747511,0.11094691267025714,2.487461047452738
-2.686009092975725,-0.24875079887790957,-0.17865150783827805,1.3790447930545482,1.8559727894229865
-2.5112982138673146,0.5241900272761707,-0.2569226294203366,0.46040518161949084,2.0452742727939617
-2.4185246399709426,0.035132608044425806,-1.0664725967424935,0.9181072771798058,2.8354350369447148
-2.481918658102122,0.3801761408719959,0.07601130445044646,0.5785188798723289,2.81640614416646
-2.6041187703058477,0.7591943085008812,-0.18772499592356062,0.5679181802620559,2.0554786189507888
-2.3995654509944018,0.008815778876942126,-0.523398954284973,0.21461853008935766,2.1268177738352714
-1.7563300089440634,0.7659686716959411,0.3721286257504914,0.07198674315555265,2.5249388124688124
-2.9527276688214337,0.05650679298102759,-0.6213444441958011,0.9338544022545465,2.361319612664384
-2.1260672332070945,0.5114423113559813,0.5062735632366762,-0.017805478098903427,2.9407316339253797
-2.0987456953597454,-0.04068259330946211,0.05249666776560585,0.61765073705918,2.4203833090163074
-2.7883774204401996,0.048311691992784955,0.4174342335250741,0.5002389866351189,2.7737455005360108
-2.7768147835836436,0.027051468822426428,0.07869468323747975,0.02764832595696376,2.354675181233155
-2.488090406124719,0.33898041064401835,-0.3626826497556547,0.638536923383573,2.742499514536234
-2.2428768590892343,-0.04503133303373935,-0.399454284275079,0.9181670016569281,2.8131265156508554
-2.9805008080183724,0.42301796512327056,-0.9923788372811835,0.5164272157211294,3.164218455861092
-2.831762451044145,0.007986934077946262,-0.03258957644949917,-0.03998053032337601,2.2785357395402364
-2.2912456018463865,0.07799995330870893,-0.38258949552384003,0.7604649986102621,2.6475411292377964
-2.4066135612966093,0.18130720225548644,-0.17047860965586561,0.4566935619650852,2.6602319634740246
-2.6739262087912925,0.2361008589671606,-0.6464852273932049,0.48774733649781743,2.2161496977299042
-2.8899162575566977,0.39053140174938583,-0.22554107844981888,0.7740058072320004,2.3491060506487154
-2.3571815036071353,0.4927791502957821,-0.14432916725894182,0.21102121101925025,2.552277218794916
-2.3725508963808686,0.30251246341777965,-1.0302671804298795,0.556171368390718,3.2743858637890346
-2.626013744064944,0.04517301575063759,-0.16932800410101062,0.6093323736633001,2.917457307895745
-2.9402538545681107,0.5559830884012473,-0.0933522785619878,0.45024871207080885,2.6185405612725914
-2.139689881440575,0.6053103830099575,-0.700056759225805,0.7870553653644196,2.4773589882386187
-2.4744940656945698,0.32561894685059306,-0.352585046079391,0.9170976239874726,2.4706987140527756
-2.891841144934109,0.1622645504105949,-0.23745684911633352,0.9302251745039676,2.7110831397320916
-2.797687347561465,1.169816470837612,-0.2073286411577071,0.9463867582996551,2.4468999482479696
-2.313324264353093,0.5938139765814416,0.12636814911398958,0.8700789068823787,2.805268950025542
-2.610280355917938,0.09988888531537851,-0.18358737138653086,0.8265948253193742,2.4220477547281876
-2.1271898119999646,0.8084158609201628,-0.6207123216756969,0.20707775367130205,2.4508687293831324
-2.3923355661337813,0.11640154518153217,0.17327093760350054,0.6484234015314579,2.513806466884259
-3.0025683333539845,-0.16053553574962748,-0.2016467624013678,-0.24640846915419268,2.8544230933754253
-2.555353845530312,1.4350825393581566,0.5077706877156387,0.4364928257633691,2.4627820491140398
-2.1515464700992895,0.8961104134713131,-0.8733101701026058,-0.1252314128741403,2.2822878180559667
-2.2960418458891474,0.473905756677659,0.07442000924434755,0.08010586507214218,1.6893496479608934
-2.199695031644249,0.010131304462167923,-1.0064707525360232,0.5507723110857836,2.777611490876537
-2.542719996242447,0.13975306483612876,-0.35577678125106726,0.37029603315972603,2.0281835108209414
-2.750138236946651,0.48244796675483503,-0.18741251051822497,0.5588209320883871,2.151698031351317
-2.5635261067474833,-0.4619727662549991,-0.2375331676401136,1.0001001977347486,1.984053753785263
-2.7050746856612142,0.4151873725485453,0.13849492204961927,0.3431213842949477,2.2577123847569363
-3.189123099845629,0.33620334525783724,0.41472661405031036,0.5970754616876366,2.4922023572857004
-2.387271191231555,0.29611779861798926,-0.5845550302910454,0.7881479704871968,2.579016533089114
-2.49383536182322,-0.041378109547387465,0.15622777617716566,0.7326459608665885,2.306477706921444
-2.149361301211322,0.12585020656517748,-0.5737012223788629,0.23410390888189953,1.880126006419168
-2.334960166853628,-0.34090070741842254,-0.7299553409430168,-0.2264558031774866,2.4698756075231874
-2.5526121610951553,0.18565632538477259,-0.6649021931347017,0.08971818629717598,2.662529452241301
-2.6926931760979707,0.41072541253765066,-0.6098370401434778,0.5633719599698788,2.9561473130606224
-2.2948419698625258,0.15565516362423187,-0.20998036037542542,0.41576718891442543,2.502758064643155
-2.613963868251976,0.24248267794011308,-0.22576732642403866,0.15232445514631726,2.1444424105535074
-2.985989893840924,-0.2600948865762985,-0.7260489422771678,0.5558118773814452,2.1875243695778406
-2.3202349375191162,0.31214981206339665,-0.9889764747033187,0.7292414544775914,2.7837795259570983
-2.847851936192199,0.44706704001324704,-0.5997743830932196,0.5341846318619173,2.057425557565762
-3.127587258387102,0.16601398363546097,-0.34330513119619266,0.3608121072348886,2.085589304622104
-2.639964671745898,0.3942531634032569,-0.31571256054288793,0.5638753607097247,2.2654596798410185
-2.0898987298493443,-0.11166066779417322,-0.12935389601964847,0.9136618825359866,2.6683178324621135
-2.5708834794726907,0.11509603366795729,0.06263067786618959,0.001958776158414499,2.160456508867125
-2.6391452179221027,0.7331788151291994,-0.1670813273856864,0.16118398452141414,2.3913923031152837
-2.715013100433703,0.05157385271826273,0.04261134549487272,0.01988990475777308,3.063073299507031
-2.210119608435382,0.6818015847112943,-0.46202882920884036,0.4475207483223117,1.9983968649163508
-2.683631842473381,0.4727791966751028,0.15362207162348862,0.11249511411914193,2.372072922055157
-2.552954727081383,-0.1885262207673698,-0.0930277653845599,0.24660338389008685,2.4316133770880417
-2.6581822801691573,0.023731522998113985,-0.3024657449181941,0.4245366475011922,2.369849741202467
-2.75496156758812,0.4118336347740344,0.2787660439722997,0.5489605314936946,2.8486413752188953
-2.986577673803712,0.3552165037528193,-0.6840789116398733,-0.016923724636165427,2.2412200073893374
-2.0828352329552495,0.632505540034376,-0.2149483472809601,-0.036445195961475774,2.4313017720142223
-2.3944049968843926,0.3614376803525092,-0.945327754218261,0.18838875319304488,2.477572782547949
-2.3122981816689836,-0.4686447373849812,-0.3567433914179504,0.5500670694576333,2.7973641959806748
-2.257499845516897,0.5038999615830818,-0.5799791773456769,-0.16780074799315758,2.3624315350285094
-2.149428861177004,0.7877090846335509,-0.051307814195775125,0.650269287980607,2.632873876935088
-2.6946415613662733,0.25447889725623296,0.2841743340392158,0.17010469797284333,3.065172576748448
-2.6127098540722202,0.7639012381832775,-0.7923852533241383,0.7050664704076272,2.2421304524183325
-2.9953435171734655,0.37648691484383096,0.053315126008589064,0.2042704964922763,1.9753444138395597
-2.5321456675172342,0.26939763492798663,-0.10808813035592546,0.8323580999775708,2.479204686554627
-1.850573839822008,0.3784821605873521,-0.42124927710241483,-0.06404857568598976,2.4080691678893413
-2.6177354308938976,0.6361066786985146,-0.13813073157660108,0.08722080742858401,2.560289035243863
-2.264964089894831,0.8348109757857414,0.010626388594920766,0.7662963290090172,2.521030098115307
-2.3640907981017927,0.7373267152471555,-0.7664720891178773,0.37769623547406544,2.2296009379353157
-2.3672964084458568,0.7305777614777756,-0.5089410003523758,-0.3366065286143033,2.3557227392414353
-2.1802841937939075,0.48817046603245784,-0.15013481326629835,0.4020023443439321,2.052339242323075
-2.3196469874314363,0.008001366487881356,0.4644338566831597,0.6996775229240806,2.296773094106117
-2.71398483658602,0.2674695276852441,-0.3838256727076124,0.890891821435484,2.565245659410416
-2.7560711086179848,0.9616542398045238,-0.28274208396792205,0.7690938865891139,2.2871207223943344
-2.3729095302894168,0.4088884969001183,-0.9613772522336534,1.2053462886612238,2.9517255613228914
-2.6390183606510957,-0.08579440915954939,-0.1783534351687568,0.5303441947950388,2.6244841319971304
-2.4329479113320684,0.4771843462570741,0.20655699478713224,0.6988361217950261,2.1326205753815204
-2.0231030015506417,0.8742150972209006,0.8032198570792295,0.10677708836614075,2.585008704602596
-3.2287345461161454,0.4936022047327232,-0.4918701043583704,1.1732060281887335,2.2288847604934965
-3.0912140632885414,0.13505769075411814,-0.9914207199259981,0.7628848090775585,1.777220933810288
-2.4900398465858946,-0.4272341369496689,-0.41210423158782467,1.0751823545315868,2.626226762002528
-0.2158734012412335,-2.507800872234771,-2.4954957819888883,4.1181575864608515,-1.3417145908202066
0.14814181846183266,-3.1760979079006937,-2.6574711380909526,3.877931539387114,-0.8416682934821904
0.005657713169217285,-2.851390763464072,-2.7462482814542537,4.0496700023868515,-1.019766835466139
-0.1447810274089366,-2.620208447377995,-2.3259580007101777,3.870576856782696,-1.0220228110072682
0.5424841470201357,-2.8559206592209807,-2.9629606828936645,4.195897416199652,-1.1696607653235258
-0.07955938193565507,-2.6952890945327788,-2.564950035191878,4.399634528024086,-0.7994678853454702
0.21555587797174428,-2.8540567639481615,-2.7877884341382173,3.2902303351286433,-1.2023452052706884
0.2391757965964146,-2.3707633710629072,-2.555378315738031,3.9944249290704867,-1.1722213856438515
0.05118972060044604,-2.308530430129846,-2.903971696852618,4.074911921959337,-0.7668912822613332
-0.1037750722408424,-2.3248248469698543,-1.7963363888818618,3.973914301753277,-0.9016732374986691
-0.1845142709153479,-2.4546872093494874,-2.384932093754424,4.048710585067535,-1.2549238299272143
0.05159044283136267,-2.134451015320591,-2.387841058871368,4.24049679726796,-1.0592529925031569
0.18747505985592763,-2.4301830404458684,-2.737727682421808,4.079630251199719,-1.2479241658600777
-0.15822006872119798,-2.4526679231769064,-2.425688931654969,3.7026918837307177,-0.736503557204281
0.14300156957511823,-2.676182108902721,-2.884396199112294,3.963773855229642,-1.11148592846529
0.028285114263255702,-2.5907791652888914,-3.0018642151862522,3.9029132654247105,-1.0764047777670782
0.15841525619351468,-2.6745499186527626,-2.0803313316568586,3.5220898623370607,-0.672208125549344
-0.0560797427195262,-2.285103781914111,-2.480049628985317,4.284888884006367,-1.0968404911382028
-0.27465510629445306,-2.144873928182234,-2.5283701614705354,4.0553896184060525,-0.6913120214888012
-0.2579888105236087,-2.3511272755901858,-2.647473689115723,3.966957661088907,-0.9819302586539278
-0.375055465361734,-2.6947092607051086,-2.162231776896715,4.221547797146199,-1.0156598943318087
0.06078086462822327,-2.5735606264091144,-2.1608541535430046,3.949911855551459,-0.942039476966288
0.28650753603551626,-2.6943428712114765,-2.1103027038757767,3.6173846475641556,-0.5925894672218004
-0.09316889598799365,-2.5606746869563204,-2.972502542795736,3.8863013206555768,-1.259951632756721
-0.15191158634336815,-2.53432774144722,-2.260552096381774,4.051900837850156,-0.9230808366497215
-0.2738798472113906,-2.7201885224006825,-2.050318745412172,3.8161997413091884,-0.5859479369856762
-0.060765299720216624,-2.499428015964124,-2.2324087099425176,4.317973105484664,-1.0277031400697718
-0.09706076338038472,-2.5139801121305534,-2.4155106179419703,4.222825921717439,-0.9989425352514621
0.1547215745057884,-2.090410066932265,-2.404672596933804,4.077913214001194,-1.3797277062725168
-0.6576825342072659,-2.402906067692458,-2.523706057820218,3.8713043312713147,-0.9391174489534139
-0.015100932299227073,-2.2180549373415253,-2.4784722829352557,3.813269178732458,-0.7524584402601777
-0.05428276873655062,-2.3683658290819234,-2.6193526765482003,3.837543278625641,-0.9789579424535759
0.00320716088592128,-2.3800432411582917,-2.5671614383274357,3.5409100540574006,-1.108193470897097
0.1984546167859539,-2.5743440198107765,-2.561595850628637,4.246594126476484,-1.1779933068147308
-0.3857008045607249,-2.5401577798813735,-2.621043487812184,3.7584384200616867,-1.0438446139746727
0.12287641181169591,-2.502322140391954,-2.4232547318284405,4.453351924628856,-1.085719715389391
0.0695871586611674,-2.6273033406497834,-2.711589929971743,3.8537730866455577,-1.1196896428804222
0.08986894938678139,-1.9127310533248107,-2.67901085906896,3.8958436735961346,-1.015780753277812
0.09894971217743677,-2.434112297011304,-2.178976051512971,3.393401982366198,-1.596732467548918
-0.12396954300253732,-2.2256749531140727,-2.891412007901399,3.248091915076561,-0.8572051484451978
0.060914305925678605,-2.7725521016998576,-2.7463849001802325,3.7575640700913313,-0.972366170631515
-0.15657881904575174,-2.37648402025612,-3.2136566657260976,3.78578703371805,-1.2815134902277625
-0.06408516959312305,-2.6345119396225347,-2.3005390550260585,3.5351658070849856,-0.988627130917312
0.13958410580292638,-2.035838140859511,-2.620441492773369,4.0811146510881295,-1.4509656981405912
-0.597989051078256,-2.288806406054575,-2.5013900734120176,4.294628172449606,-1.3433507222424372
0.12997553488218813,-2.0327955398640367,-2.3950735979106836,4.0691453763977625,-0.9978609797939125
-0.39272036428147805,-2.161106766072413,-2.6527144099512663,4.126120814095755,-1.3907585766428134
-0.2948649161269451,-2.1412281501944412,-2.586825572239461,4.363318869010636,-1.0195576647646294
-0.46047444323946435,-2.2769831000670697,-2.647473079438902,4.174672203379261,-0.9936972831149795
-0.3857795569857176,-2.458926308657358,-1.9509442144618,4.123246614628615,-1.0143794382513658
0.2688358504892244,-2.447332883699222,-2.447616442434301,3.7270937069602246,-0.9415379935526004
0.2588608541042362,-2.7090155380250063,-2.143876044688263,3.9770734939637187,-1.2219423778846352
0.24940801923006112,-2.571698558934567,-2.3101212781284732,3.927060341935366,-1.014956535882476
0.1233900510835729,-2.4272757356024983,-2.9988829451129346,3.719689064976402,-0.7676475038022961
-0.03303414722538681,-2.6309328256928555,-2.8396435038143686,3.7300659196810377,-1.5054496599904867
-0.02532017967538322,-2.6496093951452617,-2.7416469727463286,3.982969143708012,-0.9090073422868155
0.5232994830524862,-2.8779708548908034,-2.2101547391748695,4.243275390253768,-1.1947731848441752
0.050808988646507756,-2.6144083123344037,-2.453577854895315,4.377282753351138,-0.8485984418421717
0.1271520933083605,-2.6075773299886604,-2.8710141662310837,3.947882947364898,-0.6983479612840212
-0.3817919641474119,-2.7637723420441738,-2.468433065941483,3.7538363037881846,-1.1981308617788031
-0.10589964543204428,-2.8414043510475375,-2.743530461554092,4.175856979196827,-1.326842445557741
-0.3994680336237094,-2.6575062448834736,-2.3170111243725384,3.9507695480007774,-1.1161452695289045
0.011089699378901762,-2.936426858214913,-2.376323586556242,4.095858757850911,-1.1023271185239303
0.25148112794910416,-2.7818740247382596,-2.2180227516866076,4.038623416398813,-1.0841381474695433
-0.004968408842077892,-2.5268161914527356,-2.1949292758955705,3.7308302181322466,-1.1906298097866497
0.25907572301811993,-2.648883733795965,-2.274866730667102,4.424858995752177,-1.1004487567354084
0.17034058164382634,-2.7884230703349644,-2.311316675483048,4.049855996496691,-0.8817404294599462
-0.16139301800884875,-2.9152708538917933,-2.3741869838126237,3.4841492118801365,-1.0793376230606337
0.23529546660499243,-2.452025566031741,-2.0129143388025468,4.256277288145443,-1.163474597081394
0.006828344962859667,-2.511842675636109,-2.8955441908365316,3.7649002708789117,-1.140190226744965
-0.5090551257139841,-2.4881266329370892,-2.5622679611632604,3.5817765246721063,-0.8989467836806669
0.17896818617273988,-2.443241380283778,-2.5810170438022424,4.147860537937964,-0.8299449098808273
0.0768508924299221,-2.7061530626086903,-2.430849808622205,4.29887016270637,-1.1491572646529327
0.5244848347831078,-2.631407733496346,-2.4918982466649657,3.831878600998416,-0.9441822910199348
-0.4355554231588188,-2.6365104497041805,-2.7730303000871417,4.0338345869730725,-0.7513881561227731
0.16150154677863787,-3.092914840214723,-1.98948258676803,4.073819985155217,-1.1941247851232502
0.03928197974773521,-2.455952544374327,-2.6667121792378907,4.049479166835519,-1.151868071905077
-0.10109049817250569,-2.671569783938771,-2.858167822434913,4.036459117553846,-0.8536751408709154
0.12872089901909306,-2.2950186868411913,-2.4189149474962828,3.866818625445774,-0.7900840338922028
-0.33937938496048375,-2.72516784562812,-2.741050017855811,4.270014014784827,-0.7643028714649811
0.12182630926124871,-2.232017533697051,-2.719820695602997,4.087148779965245,-1.031293607095791
0.21172052597122848,-2.5288060581380494,-2.59623572210252,4.135227129640247,-0.7809577082021918
-0.16708629871170042,-2.515268917838094,-2.764610158410413,3.375484745626765,-0.9498850921465678
0.15222633906365798,-2.4344832977283186,-2.987390429438592,3.9122876424808815,-1.5545869400127703
0.3424252769135462,-2.7715136455295215,-2.1861490976350257,4.236467410921036,-1.2251475881340155
-0.28319623781693626,-2.4124074459034155,-2.711081009295768,4.0256211605395515,-1.1207068977017296
-0.44528960361640835,-3.0576170047811146,-2.4433289378763505,3.859610563417344,-1.1382724542285332
0.17396595977344634,-2.206639430841889,-2.5681361803404523,3.9148503232725345,-0.8749642417215291
-0.3392338924248938,-2.4442117363130755,-2.3620285070444615,4.170057552104407,-1.4841881756256163
-0.19033881745223516,-2.7195658132058664,-2.475028261397697,4.120186144941996,-0.6258223981385047
-0.12374137009201827,-2.6243931245773036,-2.2125819952803134,4.074144234632576,-0.6830871222030066
0.07218200075245908,-2.7892791546783178,-2.8332820886944514,3.612121937735268,-0.8344870413103818
0.297149205771752,-2.0376594646534048,-2.28922366691919,4.290709644383746,-1.1450040831634212
-0.2891039541859642,-2.2874801668956115,-2.39557981194015,4.026861093585223,-0.9031571298417526
0.08079637061455147,-2.17904578503661,-2.176253603795761,4.136055088085087,-0.788549281859268
0.12851563810619396,-2.615292433008655,-2.310858831271715,3.6513762327851844,-0.7365271119260293
-0.29863073494150877,-2.4285491783013167,-2.71128848960654,4.138347245768607,-1.0084813064819773
-0.3986889895408331,-2.39482509224538,-2.6444801942081777,4.220286680203342,-0.9996685778163982
0.09885524634700954,-2.739392238753803,-2.6473330578568404,3.8853403409747287,-0.785824379939361
0.4193442719513723,-2.701292937935719,-2.23078796383558,3.4575806455685747,-1.2985473502730724
-0.2396946140466937,-2.8381271723601804,-2.895897097446895,4.1032497280344495,-1.0535169244319653
0.09485134940127743,-2.3273818284696217,-2.4335957517068665,4.164440794037594,-1.0173830715605674
-0.29674834707643616,-2.235546454794801,-2.6472780331952817,3.7661009253093933,-1.0444794689510994
-0.22820272982412826,-2.604357595497358,-2.4139865196091335,4.087085434811532,-1.2244575166064073
-0.12192634323718615,-2.231416748807439,-2.3758999705665147,4.518766259837135,-0.7049679565646181
0.28607326713998477,-2.8469671376139507,-2.3090349120916445,3.986723299575772,-1.1377454508845624
0.04200383513313213,-2.263697116347129,-2.3747921022489473,3.780381549664485,-0.8143852716018449
-0.15939688551899098,-2.4458292202589282,-2.5758375168692837,3.9452834370660934,-0.8084392562398726
-0.2600484299539745,-2.0137012314307667,-2.955271517323624,3.850583079186286,-0.9074470275145647
0.14607854160882747,-2.525118930142926,-2.5143476757503858,4.102637521331904,-1.05776736936442
0.34829531448372647,-2.2901627214420994,-2.2817939122485913,3.7584608191573956,-1.0198471061014258
-0.07511648718017593,-2.7514003439223664,-2.4099589540135584,3.8655885605550457,-0.8361490425374407
-0.2675478907235829,-2.0702398467895446,-2.7240831646480155,4.054825584300109,-0.802035172402983
-0.1426601075500282,-2.286882839141762,-2.807295899450104,4.3630294247956405,-0.9964626837585604
-0.1491028519922199,-2.5747954431068587,-2.29777018265182,3.8538861770373902,-1.1873394223556943
-0.05538414939593454,-2.794240528192492,-2.0448640230145463,3.858401352196319,-0.792095803454899
0.05236752091194315,-2.746133512620492,-2.501488677303182,4.196000694827687,-1.0470653337715767
0.298278236462757,-2.244621151804534,-2.2702712863354177,3.885085806931751,-1.2699606119453717
-0.1533969013406986,-2.4509397648333198,-2.3635533216169113,3.457107148809888,-1.0020283004029376
0.039522306330796106,-2.5693860640788877,-2.17718154024603,4.105445018562718,-0.6724520229797757
-0.053990130087558055,-2.2656306268732687,-2.09123340136812,4.327923362318165,-1.2730353983571834
-0.06341901938559524,-2.586291176362449,-2.3776863662309182,4.171588388753634,-1.209723168506434
0.01695962847923442,-3.004981833039034,-2.1395137485495277,3.8719064398308265,-0.9860340150388758
-0.07741242849701531,-2.2134931062466463,-3.2093766103493446,3.9958474144185225,-1.0264546893744244
-0.1134090968979207,-2.0684433635910917,-2.7218323647139426,4.192949044308915,-0.9109368028234791
0.315379813133879,-2.666797271194376,-2.6832422247809395,4.27401747686935,-0.8936696729174725
-0.38623433666918966,-2.6348262536158176,-2.4034043365379847,4.209441055386647,-1.1698076632982388
-0.7285639974542353,-2.369194203565742,-2.8050801724859937,3.495665300469397,-1.7080814812460352
0.2034952150494353,-2.4678456373987583,-2.556414095178063,4.34725609074069,-0.8406688292442319
0.40407501068047913,-2.8481838680417493,-2.508637655988491,3.5958216562629963,-1.0573455829638667
-0.06215396344166934,-2.343346590684232,-2.4886090297145254,4.155851784569979,-0.8241399667152765
0.5387321693457855,-2.578824163821531,-2.7352556751665946,4.061520903829102,-1.200570006784886
0.370490192109134,-2.570804509736308,-2.6413940919684977,3.8821710697122205,-0.8203956441320898
-0.039436745807871314,-2.6604167050325955,-2.0836620205941174,3.7859575398345626,-0.9911084814917516
0.1630765379025576,-2.907833777604268,-2.379934874648519,3.7362230811298875,-0.7943043047914994
-0.24066275297974407,-2.326807742037785,-2.223541733426322,4.215359131408201,-0.9371708379404744
-0.05782523573242486,-2.644104894083711,-2.132241327295724,3.8251261949580893,-1.259266518392499
0.1663422337582075,-2.699034200796624,-2.7375158743665318,3.6390989344575586,-1.1207274598651293
-0.0206787559741233,-2.439227068084825,-2.2621734389251293,4.131724480916448,-1.047718054888295
-0.04954891909492997,-2.372460632771204,-2.1818574592678575,4.0315785498708,-1.1172827135526022
-0.24821650027138636,-2.8613013161030563,-2.3334325819891193,4.14449463090989,-0.8556591187233347
-0.032164861588013974,-2.1482663135270625,-2.6210296236462045,4.238817309301801,-1.0096857237473857
-0.1520876911698344,-2.35186742317056,-2.3975909703290017,4.089243189816732,-0.9796803944859503
-0.009473270429207719,-1.9029070017823904,-2.2039358387009567,4.180706723746378,-0.972050210449153
0.2517893001491673,-2.370501305902137,-2.4934488118064912,3.924108918683521,-1.020229334415672
-0.7926064339695139,-2.4473497901755894,-2.62211902002759,4.398167499570721,-0.9951639822970614
-0.29724085488374047,-2.5124700385320295,-2.761530271265626,4.118351853928116,-0.9272631589151287
0.2394599077770669,-2.697720447923641,-2.491497975942963,3.658744551143341,-0.8246263045188214
0.1297177951100305,-2.376048744743107,-2.4995952421607646,4.103693222697197,-0.5989152229228509
-0.07127356426050349,-2.465338704072479,-2.7715315747953526,3.782934759600417,-0.9755466767266732
0.2759833866754768,-2.564070206062893,-2.558979132328031,3.8982786888739063,-1.1336891677110807
0.07374286392720539,-2.874314411294661,-2.1797651058333183,3.833644425467635,-0.8195241286404646
-0.31749964934846897,-2.3327899673634453,-2.3320138480463757,4.096050518001475,-1.248607130449948
0.06238704739951925,-2.795764046183597,-2.5631908137740465,4.257353275238832,-0.8008245182323145
0.0037957356351082804,-2.7437016439807103,-2.3386030719564515,4.004845309424506,-1.5800788995576058
0.19565745657912953,-2.506058208467423,-2.199387188004232,3.726182370289299,-1.7941759532990003
0.0697709645862963,-2.427109080829507,-2.922667906901613,3.7553751135333484,-0.3111955640700246
-0.07640265353845084,-2.317260255905946,-2.6626649568420957,3.477424275286711,-1.0425645616989763
-0.0664011400715263,-2.599969559667093,-2.528660208876598,4.066067067911409,-1.0375292378134517
-0.31600154198684094,-2.378453802109515,-2.9873429388306056,3.48741063567895,-0.815204876324608
0.1267550680338392,-2.514348841268509,-2.848862126188768,3.823022264831481,-1.065686686921626
-0.39897349214352834,-2.6847571645058084,-2.33691741545583,4.3568263410723045,-1.1048586881646376
0.1891220885790246,-2.978515017646867,-2.335137189721597,3.7990128963181298,-0.9231635958230074
-0.061938104559927314,-2.1698964975540416,-2.7186089120849797,4.156901574390457,-1.0698768658241333
-0.03957636950241594,-2.5459634732898024,-2.711418276123528,3.9964752585233323,-1.0156620555304554
0.06031006210168233,-2.4788737135767844,-2.300501362596941,4.230877154011842,-1.2626558304569504
0.21719312514769276,-2.7965841067774635,-2.353036027965566,4.154934696175717,-1.477829222915626
0.023244811632352414,-2.6171240283400787,-2.6896913144838437,4.337713082674751,-1.1634197851593546
-0.20159423227951245,-2.481076264998727,-2.3286025634253957,3.964587853497468,-0.708407363582687
0.13274391549102263,-3.0445528299328575,-2.632366740876752,3.8595394751620753,-0.8801597616426444
-0.656204264093528,-1.8627475728205694,-2.3672434762764474,4.037219200979423,-0.7046080708952134
0.5859135132031562,-2.2823133388528993,-2.262796725882095,4.0326725061160955,-1.035381438341737
-0.11894886100122529,-2.7065279979286356,-2.6717535249248745,3.662361008914254,-1.0189678626712557
-0.4211668943065967,-2.452270868964072,-2.5090826520105853,4.036733824596672,-1.130532892504998
0.7692150925451259,-2.1599710249549218,-2.8111356250211808,4.058217021856724,-1.152001535734331
-0.2536199316768535,-2.8350180177809836,-2.3919458273101863,3.8296549412326066,-0.758043493993699
0.24844555363260976,-2.1565214036971376,-2.7130966915185257,4.118841402673002,-0.8418864458394248
-0.11854454377599122,-2.692942989348219,-2.097619833556007,4.056873968933013,-0.8410080623220655
-0.20551900295698186,-2.8048211166305483,-2.6423624436230275,3.968994653152501,-1.2660550017043373
-0.002461202162595751,-2.922126297017125,-2.780011855617468,4.167727812069219,-0.8490523699305265
-0.0979691913467166,-2.754441077269238,-2.7568508878815026,3.9066829385146713,-0.8388703770886772
0.23206142283608114,-2.6241329338704924,-2.788373106496196,4.066960909466584,-1.2058837426564624
-0.1295631597153006,-2.1686809773907405,-2.293221142858558,4.039493578062863,-1.3179797502781807
0.05284914186766473,-2.234335677303118,-2.593908416441384,4.337778522496679,-0.6768136776204483
0.41593320803586836,-2.4236892183671617,-2.353152075048497,4.353546822082772,-0.8881515157327561
-0.12530852694755318,-2.6121357091319655,-2.440361261556565,3.6773596445134453,-1.0358147288410482
0.27413677955756344,-3.0478134627913205,-2.1163794745513713,4.28059355467579,-1.114941153957619
0.1358477069679524,-2.499213068273418,-2.1925024078903292,4.245670785692485,-1.3500176807957522
0.14681560336604418,-2.551406963410812,-2.479291857370475,3.817957024757546,-0.5629657327197912
0.260015454975644,-2.684942790993242,-2.833652651727558,3.903581842255538,-0.8913743384771735
0.06005146098655575,-2.186716793807939,-2.302520069454787,4.242392256438227,-0.9182861498473907
-0.34732468255274757,-2.548924632786725,-2.2349775650228336,3.9871192678688385,-0.8742274078440633
-0.07968707881153328,-2.7574529621354613,-2.5308360160115275,4.077261860758163,-1.163921929865361
-0.058927811214167125,-2.734865810496496,-2.220188770608976,3.9263860606029914,-0.6368111137184542
0.3821869626352271,-2.520261491180436,-2.7521121831368376,3.4785255305666656,-1.368009268256698
-0.343458706224665,-2.155382593134624,-2.4710438531932635,4.0974011310229965,-1.5551052522337816
-0.2994916073043154,-2.2782300558884283,-2.4283064719043534,3.963198680328601,-0.8587894103499694
0.40894945153395373,-2.555260615884263,-2.4826575493354825,4.048149229682826,-0.40197259118150186
-0.5248390661047564,-2.329194246302798,-2.528700562189766,4.141692931546045,-1.164343138498681
-0.012241257714612564,-2.3221473551336262,-1.7217724497390399,4.202009047350518,-1.2120163995076272
