gene1,gene2,gene3
1.830398104846772,0.2611812715897961,1.3848415932436067
2.128082360246619,-0.21094739658548303,1.5595521430250887
1.797442649902449,0.16472466486842116,1.141069929329776
1.881505885697638,-0.278745411739943,1.4208359343449128
1.81353194282008,-0.18863128736745316,1.2873212463399333
2.15899165400717,0.14390663054964867,1.2175324513140438
1.7354503187484136,0.010358795766029516,0.8330409484689292
2.065499294637883,0.09524744687354433,1.2336857291229295
1.827517733778318,0.18148889969624427,1.2845778745153809
1.5575142093127086,-0.3308411481895265,1.2642750527610949
1.9074651292252816,-0.21615004107012684,1.1372451720671228
1.7964296226269707,0.09988453994635563,1.1940107517869136
2.0094180209195915,-0.23417175233506438,0.817494541730087
2.054308443964242,0.06441305971909059,0.9737999681105753
2.0315722280356807,-0.1840795111884817,1.0508180242759813
1.9591573820711112,0.39327696437039883,1.3646692224034465
1.7885032038826836,0.11020987317075502,1.2548246500413174
2.073459292856344,0.039177866883131456,1.1772942587428288
1.5822145877268832,-0.187892909623345,1.2551694769266901
2.0855213714725678,0.08334926647811998,1.2603507827242495
1.6166672472150727,-0.03601451241992722,1.4539288264918084
1.4848634574821877,0.11153724266954729,1.6778041795765708
2.0126045520786344,0.05904137384757607,1.388358807056206
1.9944904941870487,0.20418642134991116,0.7507898267585993
1.918554902370225,0.4383425136478163,1.6014195479576414
2.2858294383747757,0.2178821946888431,1.042585812284084
1.9848158498162802,0.2307569599125428,1.2777487897285666
2.1754564868753734,0.2782214032248154,1.2468655441059762
1.971436577385583,-0.011470291392884358,1.3096857917009797
2.114235726435313,-0.0710215240697331,0.8492294955898152
2.1053611139697552,-0.023782653575338934,1.0987912783683444
1.9654688185577296,-0.058644672672512714,0.7723857142294637
2.19759863160611,0.1640973224667231,1.3162247754602792
2.355490165208093,-0.19691905283511757,1.2806400937239677
2.186571242479868,0.0069120000222603305,1.2724862912603472
1.9149048183826314,0.1470560480362217,1.0900926973508664
1.9777156819184067,0.45313010149873867,1.4892525052356511
1.9919813935188844,-0.16649455927618695,1.0935523125929514
2.351974263189642,0.04279189755967699,1.3621478365541009
1.8925561656855474,-0.09440762444603959,1.2747306616142309
2.216297348003054,0.46270341626371947,1.038511622331745
1.7988756013523803,-0.22279738487061504,1.4697856148921173
2.2196137800147575,-0.29066899124579937,1.1960982272984937
1.987109231060082,0.1666874300625923,1.0344263030519893
1.664213065768359,-0.2300682311240975,1.6364630843286951
2.1796644560187772,0.07693049634753735,1.2306403686093697
1.926333288300933,0.0317786254254333,1.2980074927094785
2.1202854946188263,0.09876268141037686,0.9963571219723756
1.9581848778326814,0.21792727766645748,1.0526445779318518
2.0984543416736448,0.10834020272720711,1.3009675040585174
2.3113660117733605,-0.010226432366907257,1.19575841762571
1.9632288100528996,0.05013440607223481,1.094683241100927
2.043421896279973,-0.03537589600031226,1.2986537683845605
1.8859226545814338,0.09211762894134275,1.207693539556947
1.806394376134759,0.05102537877485133,1.0042848572695142
2.3352859645092696,-0.14194480423385555,1.7904130850886242
1.938940263743082,0.5658481956658022,1.1641107198452585
2.1142793333973944,-0.002289024150823473,1.2501502770376538
1.5496933950322993,-0.08746246119837597,0.9727506954109888
2.009051749465707,-0.06504076214888414,0.8785586518044937
2.047589649890334,0.10551079488918812,1.2909062980957373
1.9520311472229614,0.34849464762373056,1.2287469267860638
1.7062843429415873,-0.04877868951527771,1.0977836136959955
2.2562336063394137,0.07494082867688477,1.0584771476424788
1.9953255292320629,0.041937381177751136,0.9164029166302491
2.1483075208000173,-0.18678432977876439,1.2733824053856335
1.955496707904777,-0.08624607509967508,1.1239339500421444
2.1620440557715,-0.2056574043835608,0.9183252919311466
1.92835891824437,-0.08770066427310744,0.821638992077592
1.9432369282342168,-0.19065519398555086,1.2047119220521805
2.195255257680444,-0.20387436862073582,1.2679538259616165
2.2437589026819453,-0.05317134802187856,0.8698952785648947
2.0426285185856172,0.32098660075781466,1.4365826600365108
2.3696707275070623,-0.07532483158418461,0.9583630757085637
2.052644979024231,0.07211719105212777,1.2426682953548926
1.9746773004345892,-0.12719043225796806,1.3551731354079162
1.9869795489936468,0.021459329095663997,0.9904636886954826
2.3714043113734062,0.06408013026385773,0.9809747604945169
1.7226425174212256,-0.07078991932429025,1.1428715879621985
2.411850011386761,0.0465552056474469,0.8775506143888262
2.014370745823645,0.13326701547259712,1.266423116632457
1.9326990037835614,0.09955107128305513,0.8411822068578094
2.069206815591252,0.27206141481612484,1.6665855762250628
1.8579517474528922,0.23137479067875782,1.5579606108477664
1.6665712070694858,-0.25885886357763,0.931548027520863
1.8920859236670977,0.09913132517385448,0.9692155778364824
2.1017234863328653,-0.12260253130919106,0.9731972229797754
2.2460031598561354,0.05816700790869357,1.14506874524622
2.065614693929458,-0.2567239953720996,1.18467647161138
2.202200348081346,-0.3435986607229335,1.0952440242131494
1.951931073800302,0.07753822034006963,0.714248701247189
1.9632781918921178,-0.32128467061392807,0.869831151841582
2.0982558656921024,-0.26770109277281806,1.1407823337550314
2.1227420828155217,0.01818855930532011,1.157549763057447
1.941114756102224,-0.025195579253328826,0.992232396125227
2.2089210535560913,-0.24188038532806855,1.5057069043988052
1.8148603284750657,0.13870034340165105,1.3232840257791492
2.0260782588141404,-0.006674621065858626,1.3171359354041665
2.235216612261903,0.20306867483880764,0.917529503628174
1.9056830629537087,-0.1321114203139861,1.1696754876954272
1.9894158452520523,-0.042673403717821794,1.2371063780695402
2.2211815771396073,-0.24275795560212765,1.4043511541801554
2.054131307384524,0.15572846153458303,1.3690547302803524
2.181144433761382,0.15086415468492262,1.2049060074000644
1.6994132107301254,0.19781540869592018,1.3327381895919215
2.132299142322644,0.08566719614098545,1.4212188177612317
2.075248607798964,0.12346669901150283,1.2835215839622485
2.2073554043360764,0.25144931937680065,0.976008334703396
2.271058166364795,-0.04911897611897181,1.3056838906474544
1.9915801481363444,-0.08366478715128242,1.199898382923926
2.009812703359079,0.19225574981512675,1.1992591143975952
1.729061623968402,0.21945123425447602,1.2244316933011872
2.0297557795927776,-0.04509089127634586,1.1373661829550021
2.399719453085083,0.16392816402880483,1.2269085344271962
1.5785535691164563,-0.21844163890493898,1.4788146718103223
2.1092476818876453,-0.38114566210028766,1.1625170721049987
2.169812585312705,-0.011370436597393736,1.1163517560689245
2.02054121459985,0.1373516065962813,1.4276285095376111
2.164736106213022,0.08225445529962792,1.4890747915832845
1.8839490212118872,0.3152163459401489,1.0402180519936264
2.047270219274093,-0.09934774287918519,1.0911422915826103
1.8681853301694473,0.04133625451907605,1.5439636449655767
1.8820224617848254,0.12319041565675243,1.4734828563298343
1.9084726265714278,0.08474106948455024,0.8087400298212835
2.3745888998425952,0.13721012935347218,1.5013169298406677
2.056483136607903,-0.30318766202669367,1.5207948376509828
2.245001372436057,-0.22463629811211785,1.509589577338137
1.7305380241997586,-0.27155128028880826,1.5895619847050988
2.208915511685887,0.047162518772879414,1.3736359818987116
1.9980506079626492,-0.14588424936427083,1.1169678087447248
1.7443506204073418,-0.23221013943961136,1.468417107472332
1.9997593305360815,-0.2387622419336234,1.4537822803131926
1.7396008770652398,0.04665065845472077,1.4758736368058163
1.8326356866385214,0.2244495186753714,1.0129735847991261
2.0658408946828595,0.10885400641789222,1.612277637845005
2.2019408619563725,-0.05746823840792517,0.926643274507105
1.8359049525375033,-0.11845770029663863,1.0902264065051208
2.268483594059942,0.01277327351945124,1.1571585354490113
2.0221838193239945,0.10684856766918016,1.1413332849464388
2.147545799897179,0.18599743012260078,1.4014251858714655
2.375075166431156,0.07812883598048492,0.9077098269181797
2.046831187718169,-0.22105964428262403,0.9550236615127082
1.833946217220749,-0.16676651540738366,1.3691646664021289
1.8051222880918352,0.21504129861229113,1.1669813062485492
2.2931486789643083,-0.004957088840169073,1.3171632890265386
1.90521589091165,0.264901384046145,1.2844999372001877
1.953359512046455,-0.18635806984952463,1.1216485964722893
2.2929639045931816,0.10895160912476438,1.272674223102544
1.6635669156772086,0.15177224005920165,1.3647167031074758
2.2448921035079192,-0.049528490049653325,1.1232253170848292
2.0999297247494626,-0.011552388528559422,0.8467163101179238
1.9513196253483056,-0.11311533412062763,1.5910215929862315
2.2182402810376423,0.18778238472761463,1.0920860971790372
2.050919948469989,-0.0847326743613178,1.383746311955854
1.8972694786562534,-0.26303360921626806,1.0469631422091252
1.9128863632441226,0.11140053811417305,1.1864297673029092
2.1719357808829014,0.09570317503956113,1.146583074673197
2.321127076756011,0.15047090404939056,1.0380162869054341
1.95535448202407,-0.16543378008060527,1.298768165281547
1.7979619312943667,0.39575755596412304,1.0699864207446783
2.228704583306228,-0.14993187542836914,1.2988731206383215
2.0914598945217384,0.14227783384018097,1.0051426697958008
1.9131324181738618,-0.08326056931962321,1.0973036917676875
1.7956826706772389,0.2765899455495912,1.3949719925846111
2.04857411449762,-0.1446041512677759,0.9238638382313344
1.4264213805793433,0.435309082558037,1.164550689714018
2.069972977296751,0.08583625275788527,1.443636734035884
1.9009250730584957,-0.14069491305563478,1.6712965595944225
2.08041829825085,-0.07290851065713398,1.1300118632198155
1.686468964161631,0.3161364551080729,1.2280655259095166
1.7283020407802918,0.4246002303041003,1.2973697634145718
2.1967143391841417,-0.11338640856383414,0.9796123585707673
1.8498466566512826,-0.157575071606331,1.080340462817701
1.664908823187082,-0.15003501362976013,1.119910330080274
2.132783741515731,0.07430623681094635,1.2165486273347095
1.8991322225268186,-0.053171038932267725,1.0829399062228167
1.9202826854008261,-0.3993144291369728,1.1670420437895526
1.8594121439077587,-0.10483328147865544,1.359670255353751
1.9242133401279327,0.046376572008329814,0.7020809340125411
2.3854393593425396,0.16684436567594035,1.1379576156266562
2.0418616576370945,0.23185191676602213,0.8215459065993653
2.066579783382721,0.07078175053712517,0.9989627328397203
2.1167919801996824,-0.0828396520998045,1.1008402225421998
2.2477260202792295,-0.39933446356348024,1.304569383828957
1.8822624728671724,0.05589798292504882,1.192978799234391
1.6703287803860922,-0.15523767787054468,1.3597977389472788
1.7973013235894182,0.14282968072021943,1.131436631549343
2.1255158671961034,0.2032813185234292,0.9110964893977318
2.1057124968545975,-0.045886869520615735,1.416785802168238
1.9947647841406002,0.14252777499928979,1.179447737392339
2.0546914629630364,-0.05368184373919382,1.2940523135597701
1.8920987471684096,0.11087111575772812,1.212580008033644
2.3590640703483405,-0.16581684612009248,1.2176157312163276
2.376157343477818,0.2537079685629335,1.0220981849863162
2.2097640858598075,0.5648071178472984,1.1200317225233418
1.7453432292665345,-0.2243008462119308,1.4325193987935259
1.673377381774943,0.029390321106501516,1.2849889848133622
1.8846310540541291,0.028060123565036996,1.0929589986964183
2.1043461387871902,-0.010002103251441831,1.2205397714077537
1.6739794180171366,0.054373702757352316,1.3098058358534315
2.3529932300893663,0.0405512637535702,0.9763683776661075
1.7951289663330543,0.10529119844509777,1.1960145808682805
2.3652358353390457,-0.139164076282914,1.4647025844331467
1.9033779958321504,-0.05368422771261189,1.3195516219465377
1.9746692158504424,-0.2903083707457847,1.0835684056462107
1.9056399502357275,0.08572937699721418,0.9810446889760163
2.085424746109651,-0.11411432555480112,0.9970444997744342
2.099822727478988,-0.1907660808679888,0.9365355702384113
2.0088693463979523,0.04982316378392174,0.7842910748366432
1.8747104411654083,-0.321106760054257,1.1065453908565475
1.6825258927813818,-0.12914289143978144,0.9314421982027122
1.9543610840666314,-0.32901139940528035,1.1282044417615975
1.926870640342029,-0.051183201706472406,1.3698930457235596
2.126165617535348,-0.10642372074934175,1.3537817287958887
2.401389936538653,-0.17795741222155426,1.4143733000820176
1.8225747107203396,-0.2662194048500974,0.9755517605134081
1.9390790777647489,-0.16647064801945255,0.874457868134813
2.296897749382197,0.1593047834898469,1.2884540409310719
1.7595930330686234,0.4963491541138656,1.2875312090277355
2.145969780720144,0.24097690699710675,1.1149178489638971
1.8924355019235188,-0.17538106001083453,1.5182094604247898
2.4370072793387214,-0.1195036115520495,1.0286199763899841
2.220732414989045,0.1212737040987641,0.9608796508933979
1.925254465580889,-0.07464895131726472,1.327782119119488
2.0107719027134734,0.10975395788178582,1.092759403566931
2.15025052163708,0.25277940469133636,1.2693840820370088
1.9035561864839852,0.022150339234428884,1.0277368793121446
2.0732469379111116,-0.14974075218388525,1.2746273606790601
1.9691780198559898,0.14984570763999924,1.3601498317490042
1.5206823212087328,-0.14876188960825748,1.4070471954338633
2.0548078189209193,0.08892530741347167,1.3539981476401854
1.8532799439271337,-0.12191950989710452,1.2998173727812121
2.27532646545956,-0.1613659463440491,1.42505155879458
2.099586625531822,0.0614377344972406,1.1420421146887083
2.0016625333605456,0.08675084655753326,1.16761291705136
1.6792642115454146,-0.08683376348109544,1.5452943126112728
1.7390215435586827,0.07875707440585017,1.0589396327028373
1.8807576865771507,0.19913050717977887,1.401462914872333
2.1983504270039584,0.07339534738129593,1.0831500563393377
1.975601001919217,-0.0496500840093779,1.0840622142538126
2.0089142799185895,0.08138142821515856,0.9918424200290403
1.8520537849843484,0.20138495916419663,1.5052102991088958
2.146996574685603,-0.010713012717148142,1.4156887377596168
2.281577675981371,-0.2609638332698324,1.088686109249199
2.3056456151854507,0.0986043486018654,1.447748366152178
2.1243747804319275,-0.2406533173134489,1.011775995947586
2.0273695593212713,-0.1581984234029187,1.2454098482880371
2.0311223223492574,-0.22829747672348036,1.278580975266987
2.017273132700655,0.1951912906683175,1.0748478475009369
1.9184135585079065,-0.10738209928554837,0.9548455939204671
1.9926840772699774,0.08632800324421738,1.0690578246286402
1.9223812519537513,-0.20442870081694858,1.2006034154849796
1.8780854342715092,0.10036658970681521,1.3088063094975537
2.0879641860491147,0.18302890262250218,1.0508920865528322
1.8085019836969791,0.08948993741544126,1.2556620148287463
1.8393018813396294,-0.11372436510338733,1.2680174958848596
2.1077388149293403,-0.23222843194186665,1.22564878113782
1.8984069760900106,0.2285036595464796,1.4130606734329123
2.032260613498794,0.4404650232528031,1.4312281358019403
2.0828965778389685,0.2314511901237336,1.3308827606297866
2.0457744515991254,0.02226089517725156,1.2168933889034916
2.334237519223002,0.2479026993579169,1.1706106177835736
1.5982629557378467,0.2993575398692981,1.133036330604473
1.940490038062083,0.08962318467163291,1.3178597041873945
2.1640107631809693,-0.19905085474777762,1.1264423741749436
1.8128342673784212,-0.005302626002036501,1.6550334303251002
1.9854844121080666,0.36348688942762225,1.061677236294548
2.101540228947853,-0.02375418738027693,1.1210446609540947
1.579952243867182,-0.22377292932405807,1.7399046114428138
1.9530228071912696,0.03752350495291003,1.2425768874630585
1.99454524449644,0.0784332086193329,1.0452688810351127
1.8762779306362536,0.12235455235808973,1.0565568695555267
1.8797341548200195,-0.1107378811699033,0.7836407166800432
1.8446297809111198,-0.052720373245411914,1.1788786320788691
1.8022148590935583,-0.11182681574745018,1.183353530025408
1.8437659228925927,-0.26091387285894924,1.3668825092058494
2.107700116597037,-0.03055950501257201,1.0095267353137205
2.060694910741417,0.4280626893037458,1.2794195218401527
1.7228915151763926,-0.12327173107123478,1.390374959102774
2.1387256714115277,0.16159582011057472,1.0178618067491396
2.1689126072880693,-0.0384073415129047,1.4654157778173205
2.0236060388726376,-0.01484789744393008,1.3096498631731885
1.7884442354538674,0.046460252632808764,1.0256056082969156
1.6340614742460358,0.327221131070786,1.3135096637800276
1.9167041993962857,0.24198451485701855,0.9127485937077979
1.8323079067727985,0.22180818917513034,1.022722525103016
2.2165152115689155,0.28078064099682326,1.1738973761510285
2.1203556161262593,0.5662646144759389,1.3769826783647658
1.80025841049037,-0.16962478035972875,1.5844055947837465
2.1029532353858107,-0.0011975605956905393,1.031541993339033
2.166992841432219,0.4268408093615573,1.2108216367377176
2.09025186866278,-0.23671153483106813,0.8644914492917879
1.9068264477149155,-0.13289046181555755,1.1768001569801998
2.2383713730052595,-0.20114078692701776,1.2377491944867798
1.9612541699233967,0.18105358430056434,1.375478960613619
2.015414031745657,-0.17413309055213402,1.3637769248817646
2.307194744290837,-0.04717408937899378,1.2719526005318749
1.9964251851888861,0.0022164635198192967,1.5121311941311812
1.7228345492214636,0.5303478146888674,1.3373444053559842
1.9479573550936782,-0.13590943219895132,1.1073189322942842
1.8395395921131288,-0.07843195130318498,1.2769081384084517
2.0214063506477884,0.18642646280337,0.9127466082504033
1.769777381292524,0.0989806173861233,0.964112079561277
2.0233677502637892,0.004246421666301881,1.111238575208371
1.9938030071739352,-0.4182850745332467,1.1005085571578817
2.276073434672852,-0.04518605353695998,1.1322557788939538
2.1840926352414605,-0.34973423035895046,1.2632781990313835
2.1184813680906798,-0.22958511917183344,1.55670203317278
2.0904295853422994,-0.006283461504125733,1.0742339172616961
2.0316564361643588,-0.01718136762583057,0.9439998469764406
1.8518040301780183,-0.10867003899198908,0.8488401204508862
2.132650430659344,-0.09443942168676636,1.1474238895721893
2.3907492907085337,0.1421627260968157,0.9473989171026814
2.145984608064951,0.3188732036986207,1.4984749755650464
1.9304427955435681,-0.41192406433674,1.135331955599428
2.307064322407196,0.37130894284098004,1.0886462942586603
1.849312188628614,0.3869007526518198,0.8313576771144271
2.1595614343492064,0.2903990563468772,1.0804814732788621
1.9994634479330382,-0.14476844663436997,1.3081292602260879
2.2671901027154235,-0.032856946526836,1.2668116093403763
1.8704464325233383,-0.27614215213999815,1.1051618159926109
2.253895215438299,0.09597580575502974,1.2294731776900465
2.09781784833883,-0.052961141211389284,1.1535411994765383
2.0280513294438607,0.00027919956865668586,1.2422785799408012
2.369992572426502,0.295906923843926,1.3106542689979273
2.0614974111897952,-0.019321531047717746,1.5084015908598354
1.6840147720857614,0.12690220252686985,0.7626216554881182
1.9822126359611933,-0.00968730757262873,0.8874972923222999
2.0264612758495653,-0.19487747289398336,1.293931149802925
1.8801680448159113,0.2940537481151851,0.982519477121623
1.7886775925580345,-0.0026778125951107254,1.0692841023260546
2.1770472107906618,0.16249949996423696,0.9177622878400276
2.216066436333801,-0.07135978904598529,1.0396576585920358
2.4050891381768373,-0.2918024659442792,1.1266905286112348
1.9101909032601534,0.05706501876743893,0.8071703479576757
1.8816445172004233,0.049606797199468936,1.1422021250268102
1.9879753992157767,-0.06826799990272352,1.150949267157393
2.3548748994311004,0.08456476509665806,1.7205661528708214
2.293353617528373,0.28430406835264893,1.5710466187836942
2.246211662777327,-0.24868361276152387,1.1858974347869777
2.240377126719277,-0.13389685112438449,0.8015896286204698
1.808154153321658,0.20515362518075797,0.9550289523656594
2.0442590333880974,0.0077630471902832765,1.4718895448892848
2.2769482674910617,-0.013836750420135942,1.2923693394264792
2.1937180062542323,0.09940899654788898,0.9967449962131187
1.8688172702642254,-0.03875183111045084,1.3666865658758094
2.0855892457616476,-0.016433115996677777,1.0360807815153814
1.7020745834312319,0.24941378171582385,1.086699961961823
1.8432907543510184,-0.061849593813056325,1.018222373520036
2.1489194254616084,0.05037244335930274,1.1900659611317956
2.43947090613802,0.06874377449688791,1.1215307434990562
1.7828474261829643,-0.08815211375405586,0.7754280770121937
1.983356496530781,-0.018862062292464166,1.3408522929519842
1.7999615152305468,0.2661582130948747,0.9056514201866928
2.028423093291345,0.30909281037245434,1.5926462769230503
1.77523171805268,-0.01636432255197591,1.278879417830866
2.047620126712158,-0.0060584415688213905,1.0754641475069397
2.1472656963747903,-0.3936750006663907,0.8846157668338723
2.0145459181723937,0.35965701030898733,1.0254614679668022
1.8913114640049224,-0.14837184921055355,1.271656489968712
1.986700750036393,0.06616504363270052,1.1583976243548568
1.8362558497508694,-0.12929828458081213,1.179923971831004
1.9080871903628938,0.12141017125652183,1.3529720143791961
2.0184902221642043,-0.3060986272127206,1.680305296572891
2.1506156611374387,-0.09080418624389566,1.3759438560516888
1.9334564935988519,0.034171047185575405,0.9742058568968577
1.9907242708682624,-0.03373019720458978,1.459707393055378
2.133847668693207,0.019827787094120763,1.3650023519208256
1.8886787564580945,-0.025750108790249922,1.229319696141378
1.9838206359492563,0.30166894584830245,1.205718399372202
2.1100976777144336,-0.11569944882875108,1.3100779884181313
2.154659580657519,0.02581314335585368,0.8427233710887193
2.0278760076804856,-0.1281512251417538,1.2656989555852645
2.3378635406746224,0.08282919001306284,1.255840574347009
1.8929484923262958,-0.23120027753784853,0.8456815600977607
1.7185165618557052,0.09953823462513424,1.0923505666349225
1.7727144751656263,-0.06494059980235826,1.0700515501512444
2.4098121764164557,-0.3397739175516297,0.9483135150825954
2.1384718768325968,-0.04738680815643811,1.2979445072934612
1.8974244899500439,0.07945992427282866,1.4823729285866112
2.202475190427987,0.12462915038334987,1.1119659633068457
2.0320164511100036,0.17998655768913696,1.3097871919408617
1.9505010333724444,-0.21736461415875624,1.3397367825468645
2.2420323595251688,0.21382188542620792,1.2459954973097789
1.9624612625818525,0.19956561310564144,1.3593984885991435
1.9984126826541806,-0.048231632836728926,1.1248932203144917
1.9706227764933213,0.10002797999665863,1.2642288659201983
1.928860589435779,-0.02650437679129643,0.8339620951253628
2.173604083630642,-0.2919109548739679,1.0206478205175031
1.6835311583638994,-0.01671738106049758,1.3369081583997608
2.049711310721005,-0.01610178871845254,1.316236339810326
1.936977344496892,-0.02775613995133725,1.4192978142017398
1.7134451250535945,0.11207285398715346,1.142679098962138
1.8365180373997496,-0.15535276951573548,1.458217815388897
2.207234384423884,-0.15002479585359452,1.5429894725003686
1.9176530316391225,-0.15125832564108332,0.9210587146458549
1.8486078739579777,-0.21129060919615583,1.0165414958693668
2.047845995266644,0.04868913734215925,1.0413988513956811
2.120652060543129,0.0850076739072762,0.8835141233371839
2.248715155556887,-0.16880801810249532,0.8028870220390216
1.9620357873059324,0.06788889575517862,0.8387259095616179
2.121052571120483,0.04816957855884585,1.1917460382276737
2.567239131447216,-0.3057154912796452,1.6330141920492958
1.693215625312879,-0.20117652353898313,1.4739228408379272
2.236977805832818,-0.2266810479863926,1.2794604371734963
1.9508570279184647,-0.3640973779296495,1.0641907211600892
1.756849712128846,-0.06563722426551258,1.3882713448211876
1.9231367726033362,-0.117335274495877,1.372268488971831
2.1558480885119753,0.19002160634614096,1.047972757964567
1.9569746853824666,0.2274331658680529,1.0615996185639593
1.883498964105688,0.029619052299477845,1.3238385698368205
1.992857180601744,-0.2746135385645597,0.8697176893159284
1.8295230927977193,-0.04304176889716105,1.453851499222273
1.898689650861743,-0.1589270989657065,1.0345400105843918
2.303982228959056,0.07825618019325609,1.2085591958474753
2.1081544670925174,0.04902244131995749,1.2733907259498864
1.5662668149506582,0.10208538551640418,1.1951835980552912
2.230422612682693,-0.3912357448750601,1.0909827866198083
2.3315780847778864,-0.20184356154258182,1.3284526949100601
2.0761286005720505,0.14500946290768008,0.9874715679683521
2.0574261482133975,-0.1530102925781928,1.2533131743259442
2.403968678517784,-0.09026064568453991,1.190142961433274
1.739322292583612,-0.13348003324303065,1.3674483220374605
2.1206297901864484,-0.02444025374747482,1.2773338903362133
2.185235481276325,-0.00303748652240183,1.233034165920737
1.9603906693792719,0.1407145774416842,1.10977125249619
2.1006988572381915,-0.001524779291985756,1.320440907889753
1.9469769531396988,0.14118321371296047,1.1327497442975563
2.1212132298500688,0.25625226857820305,1.1560591004688308
1.741239443481372,0.09018230533043253,1.1580179558112755
1.8728354290786011,0.0024694198634548094,1.3590913688581745
1.8022173954410219,0.15331391752474374,1.2004551194070758
2.307151403191515,-0.08553737272727567,1.087055166168547
2.305180981962387,-0.4240283994558035,1.3175273108923977
2.1688686662056478,0.13545641051363214,1.5195149521341584
1.8607043337621123,-0.02669197609545734,1.0493126114488576
2.2212943954483677,0.17109832002543857,1.321284120353744
1.5564927546115641,0.006006214296822541,1.1962247370549615
2.1788394475874657,0.5119435759884265,1.1441480013228453
2.2043892811130803,0.32060735783482136,1.5081490182221824
1.8064988663572925,-0.10233924410116944,1.136769158733465
1.9812626533957054,-0.060312798643252896,1.2477253603403538
2.0649539383673803,0.14862391645373776,1.2053601591017047
1.9118469706714936,0.24610978406132206,1.4465882143613995
1.944038626040694,0.07170354063959843,1.3049878461749245
2.0792038945194844,-0.18111275170055824,1.190615430512413
2.246625458391696,0.1211062470638713,0.847336412632669
1.890992994813105,-0.31630892664926175,1.3262550638731478
2.0504034488573395,-0.26999347306089816,1.3726716262299323
1.7659130790883044,-0.026561585017904565,1.4490432674940537
1.942589747508275,0.273353560616287,1.6334200089057895
2.0511746628741068,0.054671006942180744,1.1921421846179467
1.8125200749100092,0.12684755479104368,1.3903281163725896
1.9784160823019583,0.27247625110622553,1.0988714534669703
2.3764227344829525,-0.13341284029631778,1.237292878838088
1.8136005246740008,-0.0035205611138131145,1.3655969673976185
1.7401512676950863,0.13551302450721853,1.5990980594948483
2.056688013366992,-0.4197988093435669,1.4340432535813754
2.4849336377853044,0.02403953621343765,1.2747468775185682
2.2538767457378084,0.26120596871811513,1.3021051723002202
1.6928283491805076,0.025973116248771057,0.9238795340871737
2.109305489720147,0.24684235686658085,1.4389953012999337
1.929206347292318,0.15261815165229659,0.7987398597804789
2.0344561857844576,-0.20216258289862724,0.9815490863375327
2.1385674648904516,0.11730891431145114,1.2934146726499778
2.2520315828952904,0.22118302276678029,1.007023977285008
1.9525760778376036,0.22093746179736604,1.29473095952953
2.3308263462458836,0.6927425688032578,1.0321643419785418
1.9046549060923086,0.19101444697835035,1.3158091022053544
1.9203032285974768,0.012877810031196977,1.4940314694217824
1.66621523884137,0.26068675560013055,1.3503243680272239
2.3788608194485787,-0.11079468854607266,0.9571394094218879
2.5109941621777696,-0.12131122917452791,1.025456717260552
2.0710874897523177,0.4161405746716314,1.0902979881647168
1.9903818203124075,0.21347148150109674,1.6462576806913405
2.316432562824563,-0.17622084783029252,0.8605891235566604
1.795205773894079,-0.2810039042152748,1.2018955078264437
1.766446573894525,0.15355110296836005,1.3389299514868263
2.0619996840056802,0.23646209522626435,0.9300390576003614
2.1179227126801576,0.022945247132448516,1.4935243805709237
1.9225701045083825,-0.2750986864614801,1.5583204379993296
2.101714122893683,-0.039670000002586546,1.406200011522804
2.0075670162272585,0.2654069077458968,1.1478015948116462
1.6894118100800275,-0.1666001232979034,1.4743910211426234
2.0071894800066867,0.12539444591207313,1.4132444841088814
1.5615459357752093,-0.13991771436954437,1.411251880933587
2.022449888889781,0.041296447715004826,1.2399958895746392
2.1134972272752424,0.08716159511652667,1.120621366261319
2.176452283977603,-0.1100675227846658,1.086920117216503
1.918334352734356,-0.08780011156796737,1.4232157761150854
2.048142499194322,-0.03828895852839706,1.366099850905447
2.054129066623378,-0.28640057988155226,0.7420241136914065
1.8743091535809184,0.29860043199883823,0.7909045591072457
2.020009295715683,0.19761534419717097,1.1338846205714561
2.0187490792914073,-0.14654382620213632,0.9482110274911035
1.470762701056458,-0.05105954198218493,1.1742298361753607
2.0244108733244364,-0.10634198634579424,1.1646664754740355
2.033614445331576,0.30491887024248115,1.1180262984476887
2.0782600185100613,0.22829683198281905,0.8021820096993446
1.5486845620151093,-0.06886914988608976,1.3140367075963868
2.2486352802974534,0.13718491308789263,1.5411661430981294
2.2131299087026792,-0.24347012666543044,1.1424716052946593
2.3770289614289144,-0.02043439425150645,1.1060606014859762
1.9448900376766258,-0.10160600187756859,1.1304582768704048
1.9315737491724114,0.14494015861043127,1.4157362970629912
2.233924582458099,0.14762837336830556,1.4188437144970112
2.0735883227076597,0.03764609396120064,1.2354245888611652
1.7652360638134936,0.20731237240181022,1.2214811714213722
2.1529235278955836,0.29625779822764936,1.7458381029084347
2.4026169518056406,0.2689988132166482,1.1430035504543565
1.8384242775569946,-0.37617514834927623,1.5616286989902575
1.683124826164061,-0.0739902632015345,1.12448529249162
2.0689155501870187,0.26100400734255363,1.4670552881677263
2.0117981256998596,-0.09646992164594279,1.2249665632791977
1.7586966948703284,-0.019786064160158948,1.2153299061058225
1.9906070072787931,0.17133598181287785,1.2321862089460163
1.9712713846561,0.40524486806764753,1.286584642699139
2.3109090337252898,0.04102574227082045,0.9851211259534454
1.9178497761546165,0.16132510133840158,1.0524734557063087
2.1133734332391048,-0.043859659338989256,1.4193505134713258
1.9429445671484928,-0.33325438057082013,1.1268921060031465
1.530462020561234,-0.2993357606515665,1.3899167622363697
1.9814694475405563,0.21682112503358072,0.8983817256349672
2.324782035358119,0.029585775684596638,0.9873232955384359
1.780192352060193,-0.20126599745571894,0.73536829177434
2.231533883721683,-0.0051475357754132735,1.094612336990164
1.9601313511515555,0.337312155579122,1.1571149415500035
2.1400293058443762,-0.07178681737973984,1.1934362235569833
1.8247131040387494,-0.13752063707663895,1.1329812467270215
2.0467426411020133,0.33559562016228556,1.0027146020808075
1.9167105732218472,0.23131129222153624,1.1500277718090246
1.696630990187659,0.09334756297243724,1.1500389263129076
1.8981134761225367,0.39821835772059677,0.8505969208283297
2.069056622509361,0.16411406359838462,1.3475894427730253
2.1808231544847683,-0.3973870960963052,1.0765547972291636
1.8448907179904208,0.1864771111175907,1.1268233562861871
2.1031177564485555,-0.029304661165529683,0.9089414686484876
2.003506125050623,-0.29207453692903507,0.9871856896475775
1.8417350859174795,-0.07279436696153589,1.461958969850491
1.8556790967480656,0.16442566685319152,1.580026641231723
1.9681397080517382,0.3472265838093764,1.2688701197539678
2.1711497975128435,-0.15324315149618314,1.5944262588867544
2.051442980816945,-0.031177721481457005,1.1271260893680752
1.6819597999441243,0.07216966917471924,1.2073283062585562
2.057067391985306,-0.1706892687938207,1.227546751118263
2.143881680320124,-0.0643394254237753,1.5231641447781585
2.11077904396973,0.1057170708766758,1.0614318563065823
1.9912331628464464,-0.38980561324639895,1.33305876371926
1.9550060771204492,0.030767075530643145,1.1083319974397106
2.164428103409487,-0.1987907447905024,1.1631855606565786
1.9045249034588974,-0.19777520163162113,1.0903256837046646
2.173628739310641,0.06803165097776183,1.425690610097315
1.9042096785398304,0.15002438392325537,1.0495543274592982
1.7830868781175053,0.04561862794267887,1.1549502759530765
2.159885903628002,0.02467212201499654,0.9608235728768828
2.2460296575364778,-0.3397875029815366,1.1385250288731399
2.0781385357385984,-0.011765100900222668,1.5595435001005211
1.9988060647730752,0.36632705631334844,1.0602648450884984
2.155636678186756,0.1273340525848738,0.9284696384244324
2.1984018813951707,0.248177673142685,1.0461260265373413
2.168522818273659,-0.2544921349638795,1.2182839237129819
2.013499430203728,-0.07471563092605521,1.2457514781882615
2.2425528134480732,-0.003175198597777868,1.7296224750893003
1.9902588913488262,0.07178010025971836,1.386076819361859
2.265543357005481,-0.06985195383527538,1.1956532677779712
1.7538004026805873,0.06413086761072269,0.9449235961994378
2.012316771398901,-0.17527541218909962,1.3748704167250876
2.2213802683742747,-0.18115971373907266,1.1889557258894625
1.9359352641013716,-0.017790776887566136,1.2397085546649211
1.9753345563100209,0.003397696149792289,1.0634000455947163
2.152750345210012,-0.1925107964092787,1.1271586780546639
1.656733246166049,0.18834966925661245,1.457172916329236
2.243641098971683,-0.12164793632262272,1.0962144895963717
2.079610393641231,0.040193456605319616,1.5068309739354686
1.8441176600255138,0.051434606033363785,1.2626341986363592
1.7359197845353547,0.1542266998656212,1.1887708981086238
2.1271178992613877,0.2796625539849822,1.2848038087613245
1.783788990763235,-0.19204380832510803,1.3119198424845002
2.344471271107661,0.17165207099824809,1.01979677775076
1.7074856822851885,0.3295590669417396,1.3792237074812506
1.676284129700256,-0.17176260411969918,1.3553255639030486
2.0115020691656853,-0.02060966636232144,1.2040799504835131
2.109983779719723,-0.22559978732302546,0.9908462342143687
1.9570093720038853,0.1807951570734342,1.5021347509521494
1.7774730200691646,0.1208087699173815,1.508394593582246
2.0070203154037114,0.29203982199952433,1.1853594293133978
2.118302623668712,-0.04451425763331897,1.2915409273821155
1.8568631778697515,-0.1438745460143529,1.4571954481952452
1.7944528579322254,0.009982050310883393,1.2142555375610558
2.215423220061971,0.20390577260572063,1.266820720805507
2.0097014136503915,0.15256823123054222,1.3828685552616053
1.829643004716185,0.0900229036007718,1.3496505457856172
2.2554877361810997,0.30408295164873095,1.1247188066587215
1.959450014750421,-0.2559240151818807,1.2619903658277234
1.8145262575294439,-0.4793030316355504,0.7467523832160775
2.461762202344551,0.10754829108357429,0.9799525463311654
1.9715428306601865,0.1759679212259156,0.8909388996699512
1.8690201490756375,0.079781155147117,1.5822721511851225
2.0894100777396014,0.18031228775249913,1.1643405840556966
2.058457212168592,0.33150413109687127,1.3109543505034649
-2.0203206474867788,1.8676807670547158,-1.0556615955759598
-2.0978907313531034,2.5023431893462416,-1.3501235928225945
-1.785858340183144,1.97814359843943,-0.8392337296958386
-1.5397844412405557,1.8703415427190393,-1.239166917020669
-2.2211292962611178,1.7333798354005838,-1.2144684564457056
-2.0539728777028756,2.143688321710412,-1.1946330003830368
-2.0935988777240406,1.7282363966154408,-0.8913652687059699
-2.22686325085588,1.9446470142981451,-0.8765681287441266
-1.9926077411892031,1.7145048928623579,-0.8747820468653228
-1.9855448337625683,2.2442744709645805,-0.8313593944208306
-1.877082579759912,1.9424391546399014,-0.6776514528861965
-1.5829550697165604,1.6283207806348996,-0.9991389881705893
-1.9310899062495637,2.1100116234600548,-0.5497299569947476
-2.003364425298584,2.0684939812910974,-1.2296585578387151
-1.9654961487033293,2.391396738161227,-1.2421745726682538
-1.9021294207629538,1.936404140283983,-0.9837562623962908
-1.811932631190861,1.953939480048273,-0.8124257255215589
-1.868933834782561,1.960542973574325,-1.0019169436727082
-2.038889656997542,2.0068430899046024,-0.9803465317527645
-2.050254140439865,2.0119442289297225,-1.0254570174925242
-2.3167206403853524,2.0947818081780447,-0.8458248826476705
-2.3325015669814886,1.9733360914463687,-0.6777832558913568
-2.2674966415364275,2.06301800581899,-1.1055651465448804
-2.069648789158002,2.0338909407572627,-0.8487512344654524
-2.173383172016481,1.6606354307944098,-0.8083455494695944
-1.9570113108232436,2.245296913438628,-1.1562880395423052
-1.9339945182589866,1.9975412052069217,-0.7933767877108892
-2.0732519426531684,1.954154041640411,-1.1540558622727344
-1.7941486314072965,2.006373961228843,-1.0302346910858668
-2.1685166201566295,1.7445781158463427,-1.1786759633028363
-1.7133265898851844,2.0962457026584818,-0.7886837480411573
-1.8892452772960096,1.688068551153819,-0.7238227791110523
-1.9476163406496334,1.8390004086498717,-0.90551918848135
-1.7868738331690448,1.9569476194849262,-1.2979383471615449
-1.8363292464606524,2.0421663483829766,-1.0649970056318077
-1.8721705573630856,2.036401889946347,-1.3457328044932055
-1.9235074447389864,2.1244378405549544,-0.9614388971324221
-1.8330424674492563,1.840379508103829,-1.211212459494193
-1.944558577666076,2.0168860616578597,-0.8642159633419051
-1.996898007950979,2.0929030248988627,-1.012798808500893
-2.185971322988173,2.3713205142715745,-0.9043198397292
-2.0631566401261248,1.8126565795582084,-0.7696677876329145
-1.9253791630517623,2.1077931037134126,-1.044240053158146
-1.9042682173124568,1.9965796904763158,-1.1168849544899035
-2.088704631511343,1.6354030298390492,-1.1914070421029288
-1.8454708084800207,1.7849436899815516,-0.7723484629843143
-1.9809299618945921,1.759546819619991,-0.9354725735885052
-1.84653651970414,2.1119282841687324,-1.3388606985546339
-1.7848180126279347,2.104333819020397,-0.8660285307239147
-2.092982352528241,2.1761448222102127,-0.9628686275574286
-1.7810028679618553,1.9373922535001338,-1.0709259746286122
-2.1405897172631354,1.7969944512510256,-1.0940876867614802
-2.0416861863813285,2.3714623598889837,-0.9623420927089568
-2.0280865839499334,1.8009617765311623,-1.1847732659820116
-2.3643450209768804,1.9802675443399178,-1.1256673385160485
-1.970393064111457,2.0499026947841434,-0.9708877674010182
-1.83142703468149,2.097206684222488,-0.8329341181768242
-1.8519174607260174,2.183596490807585,-0.9607741827983063
-2.244597292090629,2.1173763037876077,-1.068764767137043
-2.1345656362120558,2.197456023393553,-1.1439026787037938
-2.1854313800804817,2.248445739860697,-1.1286736711123648
-1.9223489543238022,1.9651013331942953,-0.8452195005986352
-1.9682090793118805,1.7194209098355087,-1.1566580850044836
-1.867959319508681,1.85149749451068,-0.8334474937570509
-2.2568760644593957,1.930998935511445,-1.143554376065144
-2.131720058804736,2.0584184554782015,-1.1034616833362905
-2.2194925363278664,1.736816678997962,-0.9013289700671971
-2.011677613581151,1.8316781964170503,-0.7808123145483167
-1.9158129890371594,2.0164305931619357,-1.3111849252647034
-2.076637886996006,2.020813486175185,-1.0792528851082224
-1.9237866208100347,1.8285251577742563,-1.0774414221213586
-1.8249860523191144,2.260516026253815,-0.8633505676778487
-1.814096502348612,2.271135445490852,-0.9049771390070946
-2.0004836441094325,1.823815508228568,-0.8848825673053528
-2.009365691580167,2.003037761530398,-1.2193522513020862
-2.1198849411769567,2.1090452909271886,-1.1634334718475452
-2.1552663262143503,2.4007167012885517,-0.8235181159936513
-1.8516949713141588,2.39257165291821,-0.8500105391570112
-1.4659845156707072,1.9251358958442322,-1.3226315324959048
-1.6735387453135917,1.9410039371535173,-1.067691474059
-2.1074891899680495,2.0776493308471706,-0.8694616870730949
-1.856291279097142,1.9677888533504366,-0.8349077824478932
-2.2808673514150257,2.134649295059109,-0.9643205928572336
-1.9176080837190157,2.1192777818099144,-0.9836236171555169
-1.9606877289783515,2.106052809721461,-1.4332465525169018
-1.8413254811945792,2.199400503449551,-1.1508285796704154
-2.3486514792615845,1.8535755582097098,-1.171023739065036
-1.8651122357108556,2.127441083012619,-1.0630468871415537
-2.374145788195669,2.0607834381552768,-1.1220537152608436
-1.5513770483700065,1.758079241188578,-1.0079467564183828
-2.0497209514135863,1.9063344045785238,-1.2378841213467466
-2.205012482590668,1.7331070135709412,-1.182603919492062
-1.9460883127990827,1.575198313344436,-1.4273544302345882
-2.1794679189781974,2.1888685764098867,-0.9177133798407949
-1.937355372788029,2.0273375201720287,-1.092843066899347
-2.210403806891915,1.8265308631048187,-0.8409479112235267
-1.7661162429308086,2.016541277073204,-0.5742538658971119
-2.459701974845417,2.157024504402037,-0.918900083029306
-1.8695329190992012,2.080976418040243,-0.8344667306348661
-1.8601134440424578,1.6120667790713459,-1.0532119521376417
-2.018807598865921,2.1510209643259817,-1.0535263059826327
-2.1667682896571625,2.465871657633029,-0.8088992827628079
-2.006192030775162,1.9087815165651323,-0.8063220358680129
-2.0564601411583654,1.8922302746436963,-0.8711414279757413
-1.880363001287943,1.7977753162253316,-1.2440121192971634
-1.917121287191287,2.2043609344497748,-0.8656706372149084
-1.7996062969836182,1.9511408380354247,-0.8648840061009939
-1.9683015781693187,1.971632190123125,-0.6020846469429169
-2.0666721551358465,1.8211719265041142,-0.7489756021933696
-1.6709943597527919,1.9241791732828883,-1.1487601872961204
-2.2003540935233317,2.337217421221158,-0.9854608705034609
-2.1576880356952413,1.3892343799944074,-1.3003812052289447
-1.87820413040541,2.067356759634137,-0.9742714619714498
-2.0750107629042747,1.911058424622277,-1.104994963685137
-1.910569911293788,2.068509485960102,-0.9501134855171272
-2.019134361537969,2.191487336040756,-0.9339562953370277
-2.2099755527070535,2.360045147952991,-1.2100603810330925
-2.0190344552289967,2.03218564141335,-1.185731677145006
-2.23616857590691,1.887604424866218,-1.2421625782249084
-2.125716369228053,1.946643509820357,-1.0632969481850478
-1.8985071904747624,1.6135235110728394,-0.6819576902862181
-1.8090453689358135,1.8208818305652048,-0.7789346120653912
-2.0959000135808585,1.4812348331353946,-0.7196115891915342
-2.265691432108929,1.872369774856434,-1.3448311266467252
-2.1315498220791835,1.8937344838690626,-0.8678243383670035
-1.8726519125686907,2.0704964314047363,-1.5056917808029657
-1.9954214379006898,2.170355691801013,-1.1904216674885713
-2.1715977225359624,1.4965463685697988,-0.8292982050820077
-2.2919836885486147,2.1613570006673233,-1.1917256157920435
-1.6018479987227383,2.030660227224402,-0.8319620905006628
-2.11408269839642,2.3471915532389733,-1.2546631336623384
-2.0778320042080702,2.0365916465865777,-0.8422524492875101
-1.8354300284792404,2.1552182410328844,-1.179706999789019
-2.206807346644745,2.006053422581288,-1.0600992996559129
-1.943974369337125,2.149905554087212,-1.1120040750314533
-2.035580420956669,2.0348908592664583,-1.208484584268801
-2.030165315292498,1.8107779047343986,-0.9868642689882088
-2.1042104814069065,2.2950069159270763,-0.9381314843894683
-1.9894586908725664,2.212020013986517,-1.108072255823945
-2.3368372783473763,2.219573419474407,-0.8982183242081617
-2.1057839798658042,2.2051933037786684,-1.0019633321450558
-2.1679696450915347,2.0241532364110046,-1.066574709346704
-2.065925039440203,1.7323441430795876,-0.8545666910431089
-2.1880228350649897,2.4010499586745677,-0.8702742581615588
-2.0935231029932098,1.888631498568515,-1.0337341663518722
-1.8696867124807919,1.8360495015910379,-1.1536810109821145
-2.0990796227106454,1.7830732240945857,-1.096104903834341
-1.8236646397975624,1.735864928083823,-0.8514761645434761
-2.128056741580493,1.841108446869355,-1.3083701327077255
-2.207087195158281,2.16696647815092,-0.8720373100566116
-2.118508034123141,1.7902098317505837,-0.7288916924903277
-1.979264605559889,2.297783824508532,-1.2099094831502033
-1.683538753356061,2.211158186041166,-1.2149491030713575
-1.7106581513068462,1.9925278611261952,-1.5510638625865911
-1.7502754534054106,1.951555404558101,-0.573678411429229
-2.116037301849427,1.8371106223609834,-0.7818662591762557
-1.9628093509741986,1.919770832083226,-1.180295514369824
-2.1787070153115935,2.1630983469779665,-1.0810383016081568
-2.2501962063833707,1.9115256019406954,-1.0630510679326797
-1.9538939872588277,1.6509745781341227,-1.2246820568458983
-1.766547812605613,2.3190914983849003,-0.8394775869756896
-2.3274068493041433,2.0451363672499308,-1.0700145646065802
-2.137277207761338,1.7865069397797937,-0.48411632891324186
-1.8317602576615122,1.8214099859855348,-0.9389812296084251
-2.1177155384002586,1.8949275645870207,-1.0647087410055214
-2.4363660645190346,2.3829364511608775,-1.027711145561898
-1.8600645909109772,2.5400085000243413,-1.212365613952632
-2.1788853187850536,2.124266303578385,-1.0531096083379667
-1.838706434886038,1.9385184371958837,-1.0381404539275796
-2.122655292500426,2.0586315338172274,-1.1606411653439035
-1.9825741022406078,2.078430022793954,-0.9772520779726159
-2.4023791161546364,2.1941721875923537,-0.7604945878548477
-1.908104713929442,1.909967122316731,-0.9984278913511653
-2.1744618873715336,1.7929973260042344,-1.3902840093665798
-2.054919592028111,1.870704354746908,-1.1993533289341927
-2.0840539774773887,1.913985603733718,-1.3003364157024853
-2.073064634339486,2.2792875774688666,-0.9878523648298465
-1.88726057143638,1.9197536863324045,-1.1493772741949
-1.8865826138982849,2.312185385795046,-0.6886160451435637
-2.1401898799726755,1.7246510988693935,-1.1382245507837527
-2.0073852138658936,1.855583029462395,-1.2474276390333456
-1.7990282425354593,1.79386407038909,-0.9389022008608848
-2.0310870413882407,2.0316117590616365,-0.7009506675091081
-2.1162343823968954,1.3452943344338717,-1.1988010444673054
-2.0460806313678357,1.9337499258436754,-1.0380159482656819
-2.3049636902888992,1.9179902962420206,-0.931035751219037
-1.7463145447382047,2.3476587866632412,-0.8495939045391642
-1.9244754745407398,1.84174866111305,-0.6064657061980283
-1.797836905017206,1.6183083858241458,-0.8348634465937084
-2.277641165462461,1.9787848140155437,-0.9906655495147301
-1.8567987343103185,1.7665129508278339,-1.034251946414995
-1.972607563542118,2.120112269505606,-1.0401352211554136
-1.8758368477075524,2.133182524295337,-0.8784557588805065
-2.1405647921203683,1.6288663485881587,-0.8460099777263129
-2.0267794831873407,2.4259040364760622,-0.9854114553426272
-2.4595976031088744,1.9587026873704187,-0.9460344795464937
-2.1451244432226617,2.350454406419586,-1.0360279970092547
-1.679509339970911,1.8188379303108513,-0.8888602719026732
-2.3533578239375963,2.356440965026995,-1.2431178062617088
-2.1896186513907043,2.030221610745215,-0.9085964915044227
-1.9520195390401092,2.0699344229323087,-0.9749042460746933
-2.07374499644984,2.0371090309191375,-1.337128439777388
-2.3725992690324302,1.961329119041059,-0.8381913281853751
-2.4362202394166466,2.145692549682233,-1.1535196615166474
-2.2859262313171413,1.9943962159305735,-1.2091443277097524
-2.187926860751005,2.0983989253264417,-0.7096030260468824
-1.955940764542567,1.8315071848360143,-0.8357878464772829
-1.7877290219388258,1.805596174601601,-0.6585068362089337
-2.1091424111146635,2.1386947524762974,-1.1332993809659277
-2.371732462426597,2.0211734055531223,-0.7480443183786891
-2.257713236785495,1.8387923790023635,-1.2009567002106731
-2.4326070530738524,2.2088239003369297,-0.9603456015331369
-1.6932992689060742,2.044415699974532,-0.9937966974141552
-2.3656822040438463,2.0401813275676686,-1.1682574548952578
-1.8279266316508713,2.116402310595062,-0.9069962093957268
-2.0379661911887292,2.121491508812515,-0.9318023177881353
-2.2036552885292955,1.9673623589406175,-0.8582565273755876
-2.1136919236422327,1.9004600511617507,-0.8737928413668337
-2.347687601844802,2.021074382502571,-0.4468735579052894
-1.7807268494953485,1.8324556600917397,-0.7289574153305273
-2.295903658691826,1.880890986321244,-0.9376576556719158
-2.1180283728905507,1.9746227727997068,-0.9089050660828889
-2.1111890650863456,1.9489767328837555,-0.8521510269613817
-2.275331558877341,1.7931025650691095,-0.9853116993303656
-2.1017889685589126,1.9897350394003572,-1.451766650224343
-1.7420575280314703,2.0161243429126827,-1.0205595079607173
-2.03141082700814,1.9731708396603787,-0.8493490946329638
-2.006725705713249,1.950683699582792,-0.9678934252955711
-1.7894026593848467,1.9797441871708426,-0.96987755144705
-2.1686134550180522,2.1900130498924213,-0.9984449253422425
-1.855963425506231,1.7272281179260096,-0.9783196801975254
-1.966993245922571,1.7914334048363925,-1.2609481589738467
-2.081543169697899,1.74571962535261,-0.9822356084806959
-2.3534632145104837,1.92381339418073,-0.8442155379715999
-1.744419738943471,2.288250838754712,-0.885333732193506
-1.9286744278953525,1.9070394898150722,-0.8129844718898849
-2.377245792057961,2.1872189704542926,-0.8259620189159709
-2.5666119522119173,2.167344490483436,-0.5783712947763642
-1.7849665214753516,2.2598131877176773,-1.0325515351001409
-1.807713267125095,2.303491186701401,-1.1287709124011596
-1.8232755289637572,1.9315564682054331,-1.1190445178312542
-1.8206527960008618,2.235735706714766,-1.5981850074459447
-1.9964819615170497,1.7955491615417554,-1.127813848050527
-2.043037488021205,2.3876322858243157,-1.7391650314622449
-2.2106649136312013,1.7881485798142656,-1.0579051591808215
-1.9489748083407872,1.6547454444067882,-1.1220008916622035
-2.236172444150994,2.0871380187406623,-0.9475063238488247
-2.082253237933789,2.0896417378062564,-1.2382657516432156
-2.040980073217721,1.887728097600011,-1.0021456738588732
-1.9771727455488375,2.1556755237393985,-1.0793978750625155
-2.064190857195988,1.6321868397034818,-0.7775207348063168
-2.0771247029654925,1.729266267467339,-0.9761891582343348
-1.8148828423854813,1.96688636064393,-1.096459900437275
-1.922433624357523,2.036977623626312,-0.8288046195170872
-2.241658405570729,1.7790981168918907,-1.0614954815553035
-1.9642762585411078,2.1142722779686016,-1.250746757213224
-1.908942352890477,1.5576244114948183,-0.6092981999317797
-2.302456553945946,2.0067353593199155,-0.8908665556195472
-2.246413171145718,2.213435511046467,-1.0557245735989556
-1.8534229421169917,2.0315468379222317,-1.018277672211667
-1.8844546343383652,1.796544868073618,-0.6940197872428442
-1.8310519594718364,2.137283308983744,-0.8573860373070545
-1.9421216422177674,2.0237661918373546,-1.5191751516342928
-2.008615035880966,1.923219633104388,-1.1550283602539668
-1.946277150097621,2.0777718843731243,-0.880337238877305
-2.0370926201919857,1.9016326378605433,-0.8021276899464319
-1.9439630261802878,2.300848354348614,-0.8745842883877163
-1.7936320332649887,1.9105462640251183,-0.9354287315898269
-2.0361552727650065,2.02979784498141,-0.9892670850612508
-1.6192957781561097,1.812229054419365,-1.0285510475417459
-2.4257029111262183,2.0514506335587837,-1.1599881471143119
-2.321892018418897,1.9742586010086616,-1.1404812533856008
-1.903775146425829,1.7986718690529608,-1.096496510350106
-2.242485801615986,1.9023431891308527,-1.1742535808270753
-1.8526796175673248,2.229402372743704,-0.8987611756795439
-1.8300881920068075,2.17326053712963,-1.0199424313460002
-1.8111364172473006,1.9930277031498724,-1.134787852262621
-2.0949311739042153,1.787460233074204,-1.238127085304641
-1.899322208548963,2.201148605622208,-1.212074091352342
-1.9948151207692675,1.9525002231877435,-0.9822293362190935
-1.9979356266697752,2.2468675429891323,-1.0712571952605723
-1.8441724583591468,1.8586568353786612,-1.0714920375334254
-1.8841462063375904,1.840426958744767,-1.259385945676575
-2.0004870342223127,1.9976017952071972,-1.1065517839545906
-2.149695037701112,1.932335886164846,-0.9337064297409408
-1.9380820386189588,1.9341417910838123,-0.7278124931242143
-2.124126651004713,1.5426526348797327,-0.38795282090646976
-1.9194038903496151,2.1064680617370635,-1.1510469995881845
-2.2599821269184734,1.6914184541600839,-1.3124193815466252
-2.135218512646449,2.130814026395718,-1.2878166920427248
-2.252157653387747,2.032566707251102,-1.0409844707968636
-2.1816471908097306,1.462658706720195,-1.1530900476139225
-1.9602199619275935,1.9127864737843165,-0.9392321248854711
-2.0054417015801183,1.6068870009807574,-1.2132312936691063
-2.121851938392798,1.8318417776939866,-1.0649333827785017
-1.9232148566167748,1.8757372410413649,-1.0798266444087172
-1.7513392099039853,2.104320695608812,-0.8636138764784839
-1.8156709968849007,2.086214445055995,-1.2342428116939614
-1.9939340812574624,2.102099647241565,-1.1804916880430512
-1.822322512502943,2.254632334828962,-1.1603589610554206
-1.8335561949125876,1.9141590030171811,-1.0296552834607138
-1.9541664351334735,2.1980782363925733,-1.0629146621296388
-2.1792711232344684,2.0187693193296385,-1.1061497023084452
-1.7554579689173946,2.19833891890925,-1.3573415065309107
-1.865728194610456,2.1044205724062315,-1.300128122631722
-1.9343651619543527,2.21799483671172,-0.871739197264132
-2.00655572947941,2.0113573967248244,-0.7872348753349587
-1.8867915162633462,2.0869976855852284,-1.1300692356133593
-2.03259196841739,2.163055486384207,-1.1753663430686339
-1.9203050258994299,1.9560586557478499,-0.6958029463611076
-2.273691250858556,1.9366646014641327,-0.9166835565229259
-1.9394880726973478,1.9424048708877228,-0.8137522661130849
-2.114058328599885,2.006699134383382,-0.8306084242787158
-2.2238648511911885,1.6536559497963013,-0.9546646510754251
-2.2239721592902257,1.754692559029963,-0.8053485132947652
-1.674892609788382,2.047589212461948,-1.2242507727713323
-2.0601973231037713,1.9492497106598436,-1.277174993780163
-2.004107994164139,2.018815582568426,-1.0055241232647985
-2.0277721673431417,2.1061752922371464,-1.0749500358265054
-2.016955926921983,2.093630592727079,-0.9042892036104722
-1.9192049111594234,1.6747591576796501,-1.0434923423316704
-1.8602694079482776,2.3500612511969905,-1.1650392671886975
-2.0204886730846683,1.8520386299835876,-1.2598522157121987
-1.7785185985821086,2.333025850718335,-0.8347723811147277
-2.1872601666246827,1.756288559913481,-0.8672906703644182
-2.3714424577713102,2.0101218703891606,-1.080400087106768
-1.7386328281360566,2.026433593837659,-0.8830188720260902
-1.893611291047957,2.06256719644669,-0.8651100191563862
-2.057910663893454,1.6358954297388686,-0.7150508757456485
-1.985813927122493,1.81256936726062,-1.0035447926049552
-1.9648067803620497,2.2258544924169024,-1.3113267766402013
-1.848103038296613,1.6590805241559634,-1.240784601728095
-2.226042601568593,1.7465379009128876,-0.825208567837902
-2.2790135428456697,2.018772948492079,-1.1173123939889171
-2.1011327632796757,1.9034203648009276,-0.8089511705028198
-1.8452997560209243,1.9081936696938826,-0.6299945770462444
-2.120199221417592,1.9390254494791308,-0.763736208385049
-2.044298835380347,2.122769965993678,-1.174955666336825
-1.7780508363244718,1.979085283902484,-0.774789242519108
-1.89001413560986,1.8125704608503335,-0.6832838024355028
-2.1850658765967026,2.3293076443023,-1.205829605548533
-1.7479990006321267,2.3137849286289667,-1.151900511124171
-1.9324478102911593,2.071375530105711,-1.2004019527044278
-2.2655611975671683,1.7568191044867798,-1.3049513491045888
-1.973253228088978,2.0618137185353276,-1.2111083559438116
-1.8497820011635566,2.127671798428457,-1.0670460595086382
-1.6959718099683045,1.6937274112531415,-1.1071524251201914
-2.0362781040414255,1.866272109998004,-1.1031639120929335
-2.148933896628265,1.869272774907207,-1.0074247865200232
-1.9526233858916064,1.8595872484110547,-0.9770951781611111
-1.9560589860483673,2.1099494793270575,-0.7925264634864682
-2.0442047049365524,1.9390626828484152,-1.0989443354558173
-2.0277990236702474,2.2309308848854745,-1.151187949183412
-1.9760369026431905,1.9005276622915181,-1.1641633961776412
-1.8831602562367045,1.7577288313150714,-1.0976951672738178
-2.186630214651088,2.061214775360806,-1.3680475125914335
-1.9598953051103085,2.0199587946831983,-1.0688139305293964
-2.007679625136648,1.9907385217206575,-0.829990227298905
-2.1626413183220676,2.172537449584687,-1.205543440354609
-2.405227378428888,1.8333192377235414,-1.0691442951172254
-1.9972133917010833,1.97318144288548,-1.03955671770448
-2.1269533137347665,2.0106991122045583,-0.8697922198327784
-2.0035998671170216,1.9948850789081167,-1.2649335263755797
-2.072594375421255,1.687003945155897,-1.1281663306889127
-1.907960342872188,2.2290617874479715,-0.9973556863086437
-2.482357195634678,1.9528106654381594,-0.7497933058000865
-2.131253493919957,1.9902137113699099,-0.9283693913570119
-1.6353090552621685,1.8732712210227265,-0.681942918663967
-1.7818603483635327,2.2160556056248297,-0.8188699181333713
-1.6944477785911556,2.0039191180697458,-0.7651898041039876
-1.9103057758985027,1.921141603747855,-1.38174493400642
-1.7589707989115815,2.0373674149735868,-1.3360065554036398
-1.9577524084540143,1.9165589024595542,-0.9320784971904406
-1.6287078986613874,1.8771440022984986,-1.2435467587420512
-1.806511149668871,1.8799841280058533,-0.7558699593395628
-2.320136257510306,1.996577194876275,-0.8881047570970588
-1.8948814115871864,2.0720068994637386,-0.5473913594838766
-2.224687134061431,1.6101156627410456,-0.9935691123726249
-1.874263893653985,2.1966797155920093,-1.1500330280509705
-1.9960194564166445,1.7815609718321392,-0.7295064815032715
-2.067058534835439,1.753085326806541,-0.9757741379329364
-1.6775321784680115,1.8148722795394117,-0.6367358384419826
-2.337900285031735,1.6675786349590984,-1.0046570539845467
-1.8995426061853748,2.1273628514399476,-0.9106867313907347
-1.5397674673354127,2.0212034293460994,-1.19195109011283
-1.9744359884409077,2.247387022671217,-1.1635458037015702
-2.2257524087433276,1.7607116005417391,-1.0551641316236235
-2.1226630230101797,2.2403561103879315,-1.2240896253254885
-2.118189362874663,2.1830562587427975,-0.6788279814786795
-2.195686529480556,2.1235688829141495,-0.8901088244184694
-2.047460885501097,2.164061042016142,-0.37079259904652506
-1.762890238710323,1.875277332590732,-0.5953102481630363
-1.9469360318609283,2.010429156028015,-0.7850264705229986
-1.8171747061184302,2.3251542226685875,-1.1512461927173352
-2.1412247645312266,1.9749466107185232,-1.2158162144651152
-1.8830600276958225,1.7185730573565734,-1.1186793752074944
-1.9268896953329622,2.1178700076885217,-0.796129663876625
-1.8856833598152387,1.9349482872861996,-0.9621976555512605
-2.2431941328031355,2.0035963994818773,-1.102911026959999
-2.366673273818941,2.404362590396132,-1.0702631892470382
0.10505266134304186,-1.3852353640500983,2.2717047994981807
0.01827261791525042,-1.0289866845097575,2.125759037531692
-0.03929943362205782,-1.3417169154585338,2.1612744156680583
-0.017083976857568916,-0.6968041621201935,1.6756261587844803
0.1749650554909891,-0.6993664929291065,1.8427353148269008
-0.0651644847692243,-1.0506420214933485,2.0906547567269116
-0.26308410641037877,-1.5140922293103154,1.722419581685705
0.14960102244224469,-0.8195525175038957,2.080797970218757
-0.12124367941788838,-1.0887781013203108,1.912452094867024
-0.06627016840950371,-1.079308768738933,1.8477533071016237
-0.08677224537799663,-0.9342389585626389,1.8612474940536117
0.5152624521607561,-1.1400529982945684,1.8059121198083936
0.21664023437364707,-1.2644285996291114,2.0413456135719077
-0.11096254636185901,-1.1695167027103046,1.7294548572341062
0.24981791595372502,-1.147154562713308,1.96892835113482
0.03131445788197048,-0.9469464809902036,2.061762517656285
-0.5219434882720136,-1.1932981609118187,1.9815189292524957
-0.013241014691679773,-0.7691127729681608,2.0193259698531563
-0.16520197208678833,-1.0819971620521653,2.086086473789157
-0.24110709541645653,-0.6553572598810473,1.7989868142609602
-0.5442305578109069,-0.8025097768026624,2.2184531191344212
-0.22889169506193008,-1.0211819667545017,1.9144146233968506
0.019615305694821835,-1.1049089646393737,1.7720753042588022
0.0733640778728044,-0.8786972410958143,2.0812672562048427
-0.20309936230718453,-1.1711910190785564,2.1782213643512183
-0.11986902858487186,-0.9420561933153172,2.1304725817549435
0.14080677339573316,-0.7853091456962221,1.8009615634854943
-0.16099288022784153,-0.8411857643952048,2.340166336457903
0.08290106099896838,-0.9081430914416146,1.4908789195121583
-0.613601233854205,-0.9085085868584917,2.323394573037184
-0.10312673184447628,-1.2822435445741807,2.0224051878017155
0.07211506496144397,-1.0773959385175287,1.9239132743363836
0.27563260903229236,-0.8013839478257555,1.9955303029891356
0.18791224889698782,-0.7602676607102937,2.2062342854357357
0.32865788897394266,-1.1679550704273187,1.7061950736798437
-0.11897653404023573,-0.8050209195416034,2.216473453655183
0.031119428848919207,-1.1190119530496374,1.8443759010328042
-0.15745847258264628,-1.09235187460169,1.93732958628157
-0.14290591376361086,-0.966126287876297,2.0182174690962897
0.15250056061912431,-0.8584725772762174,1.5867216194412639
0.029204076313057423,-1.3333404363224572,1.6299048659139799
-0.07544971776489734,-1.1443965215546799,1.812574662445299
-0.3040379131430502,-0.9252080054620226,2.1562218129039383
-0.03662017764851286,-1.1208156507593294,1.7402516975730464
-0.1925815634614398,-0.9802185760118691,1.9339553676770744
0.20499695729516235,-1.2470662628715834,1.787321963665319
0.5058904772222917,-1.1805217592125343,1.9519633567857966
0.07340892306415017,-0.9284643738323108,2.2401722377951203
-0.12240233949998042,-1.3700048985091504,1.9784708463131815
-0.14541459921146338,-1.2615344391731849,1.846171065367481
0.09133821595815005,-0.8809356445078906,1.755787199934879
0.06549398993654519,-1.0807390843107483,2.234003206093711
-0.32162851480940485,-1.1909904243441962,1.990408085368083
0.14823978826960815,-0.627847509471047,1.9314027964365899
0.04695282995284603,-0.8185695478420614,1.7572286742255971
-0.12731752222749512,-1.041478098656266,1.8253191715731374
-0.0023689584291141444,-1.3283465782399615,2.464354406505826
-0.3110719940236186,-1.1016508175414723,1.8682374021216888
-0.010396679941525913,-1.1012709985577227,1.9989073185960586
0.16141488634511872,-1.064240535865227,1.791442728398648
-0.17668661146590245,-1.2850379991534968,1.7668233513743998
0.21417365481767003,-1.173414981188463,1.9185412102629107
0.2335889065677265,-0.9717295011277042,1.742769809014462
-0.07442913981667686,-1.52329829557678,2.1541290861829068
-0.016029840683761024,-0.8920747838114582,1.962459427072531
-0.14681777431339618,-0.4844267580159103,2.357280026386157
0.13085122611626743,-1.146767056568995,2.129225681750567
-0.1660161598681214,-1.1733434087849308,1.8360998420553771
-0.17076840761387552,-1.0062889576738538,1.9630336968990283
-0.26641228537915224,-0.773200731409436,2.18489448092968
0.08583546449423551,-0.9584176882137869,1.939328360562868
-0.24892377963826592,-0.9348461770936556,1.827182220837008
-0.5864535251217132,-1.0569096190492784,1.7598535222202514
-0.016977016429723553,-1.0810378192249048,2.209677501932127
0.05022971106613808,-1.1301216592048753,2.3164721882318955
-0.013972147860701379,-1.0467258826239956,1.908069193929418
0.2561167382075397,-0.9247606785921517,2.226388387920165
0.007753059577778662,-0.8703145496049867,2.077862482425123
0.4070739812085952,-1.2694843119824748,1.5863216402889009
-0.24148786161329105,-1.065112254364834,2.346852135183757
-0.19156089946425,-1.070350926457911,2.0414298372646034
-0.0423150499336232,-1.0876244759182265,2.2509525069006164
-0.1612334405218774,-0.9216923980701119,1.8642723145263318
-0.058551372828358476,-1.071375479283468,1.8005592791516731
0.12213919477307643,-1.4222337051057425,1.3815224425741857
-0.046652718478159265,-0.9711374683615807,1.9736499853393155
0.06482828465750815,-1.078435709923179,1.9695260986696335
-0.22461219578296296,-1.4798200762293738,2.0219462434757385
-0.36095274258785676,-0.9639696631656575,2.2370930499635215
-0.037655679455507754,-0.5319471393430273,1.725232055153479
0.21394240358315864,-1.2145017058152883,1.894328859863849
0.45117879576428416,-0.7081364427619791,2.242730132828259
-0.19869839457704758,-0.9410229389992547,1.915698158742134
-0.27261110582935744,-1.0485729215964232,1.8233929812375806
0.002542749894234168,-0.39785024536585634,1.950636558986501
0.03391712800672301,-0.9391263036692055,2.0901448576014428
0.1778438879814201,-0.9345832688379265,1.832396587693385
0.011559928582107295,-0.8560261375286895,1.9432559371081741
-0.010852932822301342,-1.0797909103211776,2.1621566606935096
-0.05216197518229772,-0.9754730409282224,2.0943482683191976
0.24206082985701435,-1.144394302701741,2.1183418660567632
0.098263909390622,-0.8711023056686453,2.3240304267275653
-0.04382108123424884,-0.7612103806393994,1.8526833198930506
0.22774561048731667,-0.81448995845342,2.030640253483203
-0.05540389541634666,-1.3406912137411293,2.4619214069189743
-0.06393889626523651,-1.306123157680256,1.9368616169926274
-0.0811449122643776,-1.0977418925472955,1.7784753078174274
-0.20686223534333054,-0.7535111196881605,1.6944301477866546
-0.2994292919959788,-1.03305897880653,2.232829903878729
-0.04320713421274382,-1.302993496910228,2.100170930512495
-0.2741229961931083,-1.0341534145608033,1.6378573525598046
-0.19564779450086076,-0.9881655490463932,1.9194433640761035
-0.14121967412376388,-1.0975593755413535,2.166138939864529
-0.016979873518563296,-0.7448377842529785,2.0564176652228117
0.02423871424247474,-0.7207980010611788,1.9311228083389465
-0.4275105445729344,-0.9052524094694196,1.9039620163960285
-0.4229755008801256,-0.9828269154754078,2.0985056174579824
-0.24923538119391753,-1.1745989821884422,1.9034456525201637
0.049242441719953775,-1.0643724131335692,2.05264506461345
-0.18441431681752082,-0.8780641357722049,2.1308749895548154
-0.1543885679376413,-1.040356239250311,2.0637172114366997
-0.014443544079790583,-0.9917139703565157,1.567860829942354
0.1070666306873766,-0.7801725385316685,1.986291191629306
0.10716213826667742,-0.9649647140256077,1.7584815761114172
0.07236463741532767,-0.854209385419957,1.6730681372303784
-0.229112536549151,-1.1867423751997346,2.1836948776526626
0.19135828964747878,-0.7396552981494358,1.668838915042126
0.17103971600817472,-1.0895521525035612,2.0301348587770347
-0.2584134245897269,-1.0461084636056024,2.2404316045620973
-0.1710861129687702,-0.9556022263235665,1.9265645766574537
-0.18636289084570942,-0.9615512832782881,2.1163113722192204
-0.2902724241610032,-1.0432693564385713,1.633446443863439
-0.026378034813904973,-1.3254155129955445,1.7301993323566311
0.14167732268999006,-0.6901715312785994,2.2624204403683175
-0.004005094018771416,-1.0104964682985202,1.7863519825991663
-0.16086077591211512,-0.7679970715520916,1.9717653932682726
0.19910738730871758,-0.9843904017208777,2.125726725713147
-0.19674203332471002,-0.9263590006570342,1.9900020201909452
0.3438988721735303,-1.0678961281029076,2.0439710899587475
0.004689995050269683,-0.5902953344164714,2.2126553843766135
-0.024967697805350027,-1.4880758934846925,2.100668439021809
0.024034893613734405,-0.7375934892882454,2.1684688969684833
0.362169652413875,-1.0272619536259497,2.036021684651167
-0.3208796398808125,-0.9307427584860308,2.2945094950129468
0.05057199780649313,-0.871146434730934,2.0219875289609677
0.002782062153746771,-1.0635562867671549,2.022768658588984
-0.040385307308964405,-1.3408747478754885,1.8701520401568477
0.26534823396504476,-0.755035690885644,2.116683414730663
-0.11189991368625246,-0.8080157585285175,1.9549641798037454
-0.1999968103321052,-1.2702186832063374,2.128746335178933
0.1591176985634447,-1.0522618378124207,2.142917075921177
-0.07416721370085581,-0.9742134197051597,1.8815724185467373
-0.15763848146310322,-0.7232932859527941,1.5650782342315006
-0.4989624945642679,-0.5073863043641482,2.3299240317812435
-0.01260803599716936,-1.1861488841078922,2.2053684269752285
0.2635970624967,-1.0120245692822434,2.1953682024595875
-0.1398153301997944,-0.8266309363102041,1.8798771533636671
0.03683317357602398,-1.2020169366500695,1.7821517931592283
0.16630621393616626,-0.8461680635319603,2.2667319956015852
-0.2777212511461094,-1.1635909563192561,2.0521811085223574
0.20043181603463078,-1.1333211810264259,2.3925334200436392
0.08966345957450991,-1.1449993689339324,1.990126848614552
0.07961027639541578,-1.341323763322707,1.9477491444233919
0.05915952249397444,-0.7822580917838956,1.9987271362579315
-0.13298135055481367,-0.9459863915291421,2.0747825820548798
0.13535021310041156,-0.666067731589344,2.088968188797107
-0.06216279775399387,-1.1610631515201773,2.006404998606054
-0.08170370587063658,-0.74553065178108,2.2183737526350047
-0.017841364447186633,-1.5552408184762032,1.7822555876737214
0.10745657492864624,-0.9685093149675175,2.208817542072106
-0.2637575149693651,-0.9557886638309512,1.9620767886712664
-0.14234983672906432,-1.1358095647758202,2.1358761761774874
0.06968092812819277,-0.8174889943280006,1.9984019036714389
0.39362966772062147,-0.6126338857768547,2.066575678579761
0.2087938662593592,-1.0095393291227104,2.1077954775768073
-0.036396655848792314,-0.9910182887437531,1.9634083233753397
0.14170240034147916,-1.3004037113749403,1.4645888190200518
0.002943389925216709,-1.4055275213138274,2.1085898144203172
0.06862465940977953,-1.2380084398082771,1.9387588506870916
0.08931759696611283,-0.8952739866899271,2.33783905969563
-0.09927484328503572,-1.2188029284064257,2.08486994535106
-0.10972901903776507,-1.3414619389795408,2.142140537047754
-0.17397182194495525,-1.0844964109084039,1.7875844286653622
-0.04354401216561058,-0.9801033405297335,2.2765249954036233
0.06706612270500147,-1.2675758290178791,2.136708088802528
0.09520014969670124,-1.0124874689367165,2.235020989104619
0.39959827741695897,-1.3089482179095204,1.9100807631513634
-0.05283625024031522,-1.1947832085734136,1.814229111228854
-0.25923970588033424,-0.9756328030646415,1.884416773416982
-0.008578556916430034,-0.8800960669855967,1.5086095535301893
0.009989924471663972,-0.9610543922685156,1.8925581346844775
0.14230212071373374,-1.208379736122336,1.6196947344690802
-0.23152424076426767,-1.2954539110172685,1.834327708092002
0.03190276587090737,-1.151815814561869,1.7607662201246552
-0.16308838352943036,-0.9565437374226842,2.1862457536383806
-0.002397905562292992,-0.9332847767501018,1.8273556279408816
0.38685437127222355,-0.641070814409228,2.179965843969404
-0.10248871326416287,-0.7060142350626397,1.8358797326741332
-0.02624210805083779,-0.8941213166975375,2.072922848770435
-0.2637497036646752,-1.020758539073654,1.907250669105799
