neuron_id,subclass,main_class,n_nodes,n_tips,n_bpts,max_reach,total_len
1,PA,1,189,21,14,196.18195992496354,821.4455332492672
2,PA,1,183,22,15,161.2930702169191,839.753146846922
3,PA,1,159,17,10,207.76482883298607,754.9925829693548
4,PA,1,159,16,9,200.12407426394256,739.248515480654
5,PA,1,165,19,12,210.6808548492245,784.3458956098052
6,PA,1,159,19,12,180.8435461939408,742.3902653446651
7,PA,1,165,20,13,210.97896885708775,789.019696004663
8,PA,1,177,20,13,212.6456914682261,851.0351269679043
9,PA,1,147,16,9,185.0753800482387,694.0662968330352
10,PA,1,213,27,20,191.5812373381068,914.3935369143857
11,PA,1,177,22,15,184.4608427282061,822.9301875651042
12,PA,1,195,25,18,214.11817718260167,937.903751743843
13,PA,1,177,21,14,170.24982525688537,772.5213512649517
14,PA,1,159,18,11,182.653858705476,749.6926893189933
15,PA,1,147,15,8,194.04084363865255,706.1120586944702
16,PA,1,195,25,18,209.1778002083395,901.6043026731479
17,PA,1,165,20,13,169.32960638943212,759.8390868243325
18,PA,1,177,21,14,209.0629364569435,842.0447571254902
19,PA,1,177,19,12,162.54807073601336,831.8423612115151
20,PA,1,189,22,15,177.8719308941127,843.7298347921809
21,PA,1,165,19,12,200.34915073441167,781.5243209124997
22,PA,1,213,26,19,186.66600038571568,908.5852639565034
23,PA,1,189,23,16,206.01380803237436,844.0618802280375
24,PA,1,183,23,16,207.14120159929556,869.5094314058588
25,PA,1,177,22,15,203.03204008234758,816.7273848796981
26,PA,1,153,17,10,210.16153739445286,743.3379082441503
27,PA,1,183,21,14,179.1528735465887,781.2502164610395
28,PA,1,171,20,13,181.54141152916046,779.679128767726
29,PA,1,183,21,14,192.00971043153,858.6554497784072
30,PA,1,165,20,13,195.00212434740294,816.6363273405088
31,PA,1,195,24,17,199.43486630978043,905.5675826202591
32,PA,1,159,16,9,163.11830675923534,766.5733147230409
33,PA,1,159,17,10,166.4676467064997,699.5204036302496
34,PA,1,213,25,18,173.34935967577152,870.5410403145945
35,PA,1,177,21,14,208.34012815585962,822.4632798815571
36,PA,1,177,21,14,193.77388394724403,791.3809566625713
37,PA,1,195,24,17,161.20794614410295,879.5979448716596
38,PA,1,225,27,20,165.38649763508508,935.880603643854
39,PA,1,201,24,17,206.0996239686041,949.4502667391292
40,PA,1,159,17,10,207.41883087125913,791.1408146174086
41,PA,1,207,23,16,201.82270288547815,949.5032661347482
42,PA,1,171,18,11,167.21881174078473,790.178093337445
43,PA,1,189,21,14,189.19508978829234,861.176500701435
44,PA,1,159,19,12,163.83579157192727,720.6239478197402
45,PA,1,171,20,13,196.2122712778179,830.1684739318835
46,PA,1,207,25,18,214.68290104244448,958.074048932822
47,PA,1,165,19,12,208.0682947976457,784.4576460002438
48,PA,1,159,18,11,207.03113703015785,805.8995568490103
49,PA,1,165,19,12,176.32554125820798,756.2678590379377
50,PA,1,177,21,14,202.02055687478935,827.1244881174439
51,PA,1,165,19,12,200.4478737727093,765.0494533429679
52,PA,1,183,21,14,210.86344609723136,876.2991684944342
53,PA,1,165,20,13,201.67024297104416,775.6793462696376
54,PA,1,141,16,9,167.4654071741385,668.3032306895475
55,PA,1,159,19,12,161.33001704580585,732.3382879622352
56,PA,1,153,17,10,188.29243797879937,706.1085027688443
57,PA,1,201,24,17,164.6931428445034,884.9987765771333
58,PA,1,201,23,16,185.90336333697678,876.8040011431574
59,PA,1,195,25,18,180.39990604210413,871.6646799828354
60,PA,1,195,24,17,213.42803986355682,851.5474377389921
61,PA,1,195,23,16,201.47542132974928,905.5697358668587
62,PA,1,201,25,18,167.232347648414,852.2552193850074
63,PA,1,153,16,9,197.33325746057102,736.798779951891
64,PA,1,171,20,13,206.53097346403032,819.0264006821011
65,PA,1,159,19,12,205.5057889695568,787.793437469104
66,PA,1,189,22,15,169.8282723812499,877.7811617035394
67,PA,1,153,18,11,209.69480751797357,725.2161269142451
68,PA,1,171,20,13,181.46594694322127,792.1970727386489
69,PA,1,135,14,7,213.47411318471381,695.9945686916675
70,PA,1,177,21,14,173.34694718973276,793.6933909255349
71,PA,1,177,20,13,204.70365433963312,874.7659277034899
72,PA,1,201,24,17,176.48386271837998,866.6731872220181
73,PA,1,129,12,5,185.0414118515096,648.6246485471936
74,PA,1,201,22,15,199.35946955186253,876.0151183017236
75,PA,1,165,19,12,210.5376617140031,819.2495759952137
76,PA,1,171,21,14,186.7587933672736,817.4730061165355
77,PA,1,159,19,12,195.83548222934473,777.6799652024672
78,PA,1,159,19,12,178.8679479392549,757.649271581567
79,PA,1,177,21,14,166.01061984102103,813.3040428515826
80,PA,1,171,18,11,212.87954951098519,858.0658120288113
81,PA,1,201,25,18,175.35551231712105,895.9862567012764
82,PA,1,147,16,9,198.05844087036533,720.6574372539285
83,PA,1,141,15,8,181.0621454086966,698.3573726705268
84,PA,1,153,18,11,195.82113803162315,751.3181333301568
85,PA,1,183,23,16,177.90241201287856,811.8445325110099
86,PA,1,159,18,11,195.75766472861287,768.4119545388804
87,PA,1,147,16,9,213.7067649841717,726.6813869666993
88,PA,1,183,21,14,188.04982557822277,848.6140718020737
89,PA,1,171,21,14,201.0106479766681,848.8666620454201
90,PA,1,195,24,17,202.33142860168806,922.1570259509047
91,PA,1,159,19,12,189.14512761369244,769.3630020549916
92,PA,1,177,20,13,169.661907038675,800.2641563084175
93,PA,1,159,19,12,168.53186820301968,720.7816917428601
94,PA,1,165,19,12,213.21284084219693,797.4148858258973
95,PA,1,195,22,15,199.009527661366,878.2589192019732
96,PA,1,177,20,13,167.09378384607848,808.6248163361058
97,PA,1,171,21,14,210.9310868506584,809.9064125372671
98,PA,1,183,21,14,188.26623515649322,852.5690439613994
99,PA,1,171,20,13,166.20888724734309,728.9836617918543
100,PA,1,177,21,14,187.6494948034766,792.6360919155012
101,PA,1,129,13,6,174.8562326598626,598.0977403634272
102,PA,1,189,22,15,188.02316612587927,873.6279939283123
103,PA,1,159,18,11,212.18145465615038,789.2063008303913
104,PA,1,189,22,15,190.54635551487203,874.0272255761957
105,PA,1,165,17,10,202.66137397146008,750.7068203484326
106,PA,1,189,23,16,178.53709838574167,904.9425009676308
107,PA,1,177,20,13,203.1784304496912,842.5122090617056
108,PA,1,183,22,15,209.9768570581053,930.3485503387122
109,PA,1,159,17,10,212.31312559519253,754.2551495579004
110,PA,1,195,23,16,205.94639521001574,896.0910035766392
111,PA,1,189,22,15,205.45062156148373,883.6841292707549
112,PA,1,183,21,14,207.02675237756108,894.9066828707934
113,PA,1,141,15,8,197.72320577008657,705.2076404021684
114,PA,1,177,20,13,208.02081121849324,862.3628466457951
115,PA,1,201,24,17,186.87517892968026,880.964253707746
116,PA,1,195,24,17,209.81981341141258,942.3292783810856
117,PA,1,159,19,12,187.20206569373107,718.3923872257132
118,PA,1,195,24,17,180.77972839895517,899.7630305214961
119,PA,1,153,16,9,192.15245067393755,715.449486692791
120,PA,1,213,25,18,177.43817486662786,979.030010105268
121,PA,1,159,19,12,174.01719024280334,757.286730005039
122,PA,1,147,16,9,187.9388653259352,737.9414314879231
123,PA,1,177,21,14,166.26145103420697,792.3016087366311
124,PA,1,195,25,18,182.14905379935408,882.6046690185958
125,PA,1,171,21,14,179.06263178005622,750.4960305602486
126,PA,1,147,15,8,163.08126593818187,665.809527584804
127,PA,1,189,22,15,192.71107155532087,804.6638103013286
128,PA,1,159,18,11,181.6063033047036,731.1596702963752
129,PA,1,195,25,18,198.47778162807037,889.6258851758917
130,PA,1,177,21,14,180.5379555661357,839.9622192137291
131,PA,1,165,19,12,193.3501688646793,769.5012623070545
132,PA,1,177,21,14,166.6799673026126,811.6585309018922
133,PA,1,195,25,18,208.35767588452316,901.4424546567967
134,PA,1,171,21,14,172.71869151889726,726.6411571938064
135,PA,1,147,17,10,198.46512439217125,695.1199363258187
136,PA,1,183,22,15,169.06942390627586,796.7344272874572
137,PA,1,171,18,11,215.14959470098938,818.4420425107305
138,PA,1,171,20,13,168.90873364038936,758.0163222294864
139,PA,1,165,19,12,167.60310826473355,718.066222049011
140,PA,1,171,21,14,164.58179881141172,774.5710094839868
141,PA,1,171,19,12,198.3092947897299,796.3958468723885
142,PA,1,171,19,12,203.72499159406047,784.9954588275003
143,PA,1,153,18,11,181.01526372104644,731.0403557324595
144,PA,1,201,23,16,179.17371989217617,853.5331919063213
145,PA,1,171,19,12,171.79527379995062,774.6343163165178
146,PA,1,135,15,8,160.84836492796563,634.0270490849497
147,PA,1,171,21,14,166.77888985120387,768.6500189195306
148,PA,1,159,18,11,169.9488087631096,692.0293439074662
149,PA,1,177,19,12,180.74321536367555,795.2608663133237
150,PA,1,177,21,14,195.23787644819333,832.8655544988586
151,PA,1,183,22,15,163.01616177545097,779.6319380952333
152,PA,1,177,21,14,194.65176829404865,800.0495916816649
153,PA,1,171,19,12,202.99419129620435,833.2907054262399
154,PA,1,177,20,13,198.83719118917364,828.817938982347
155,PA,1,201,25,18,171.73262765124164,891.9752596117218
156,PA,1,183,23,16,169.41757110760383,830.18741067809
157,PA,1,165,18,11,182.26226515655947,714.0384899356135
158,PA,1,207,25,18,209.35115595572907,970.1020188834294
159,PA,1,165,17,10,198.74014038437227,823.1188191005202
160,PA,1,165,20,13,170.21527017280206,718.6245428197633
161,PA,1,153,18,11,196.5174361220907,699.445069998698
162,PA,1,171,21,14,186.30744402733887,824.5149266615309
163,PA,1,165,19,12,187.16930170303036,802.7204756754396
164,PA,1,165,19,12,215.16082450111588,797.5474215667987
165,PA,1,177,22,15,193.0077358553278,798.4203502689089
166,PA,1,159,19,12,209.10927239125482,733.2274681366645
167,PA,1,153,17,10,183.88243771497048,729.1648527917972
168,PA,1,183,20,13,206.8142860152557,875.5077507429882
169,PA,1,183,20,13,200.05692589860516,848.6482827550788
170,PA,1,159,17,10,162.02287677979305,706.0050235602522
171,PA,1,159,18,11,196.12523193102922,797.5030458625288
172,PA,1,171,21,14,198.31467772204863,810.8128024852724
173,PA,1,201,26,19,205.99199353372933,881.9735026436865
174,PA,1,171,20,13,207.13345215102268,807.5999710664356
175,PA,1,165,19,12,178.59167449800117,745.0160905464471
176,PA,1,153,18,11,181.40319456944522,683.912522135573
177,PA,1,195,22,15,176.69550560215163,900.5418202087865
178,PA,1,177,21,14,180.98755785964957,769.9273078050177
179,PA,1,189,21,14,177.7213490270654,783.7248011636004
180,PA,1,177,20,13,163.77352502770404,734.5475572450188
181,PA,1,165,20,13,186.52041872138287,742.3254775001653
182,PA,1,219,27,20,204.35351942161407,944.1890754855344
183,PA,1,171,20,13,171.1548243550266,778.2793721318299
184,PA,1,153,18,11,214.43801458696637,734.0931404690087
185,PA,1,177,20,13,208.3836855418389,811.6630542224217
186,PA,1,159,17,10,183.1881243421636,743.357604299067
187,PA,1,189,20,13,199.63665945912842,875.3265801800449
188,PA,1,165,19,12,182.40883174890408,768.9133652097366
189,PA,1,159,17,10,187.31207916202305,778.6252096351187
190,PA,1,195,25,18,168.5913713687625,845.5804220121081
191,PA,1,135,15,8,198.24823883202595,674.7088167515911
192,PA,1,177,22,15,170.1268873517646,819.798560314004
193,PA,1,195,23,16,196.22112067766813,936.3622842542688
194,PA,1,183,21,14,203.21499231109894,835.6105676350086
195,PA,1,189,21,14,162.23470806211597,795.6222122627864
196,PA,1,201,24,17,180.62481612447388,939.0830096753729
197,PA,1,171,21,14,190.1944936111453,765.911621933764
198,PA,1,165,20,13,208.29280568468994,755.7109607093845
199,PA,1,171,18,11,175.06038101180974,743.5261061617556
200,PA,1,129,13,6,184.09648258454044,663.4589632174093
201,PB,1,498,102,91,117.41183500823074,2489.049164902898
202,PB,1,613,154,142,133.16183387142127,3315.335746285171
203,PB,1,455,99,87,126.10981087924921,2512.6206065975534
204,PB,1,671,164,152,114.75196251045122,3703.594472033778
205,PB,1,471,116,104,125.52279195429013,2776.094815087562
206,PB,1,485,103,91,117.33882605514681,2596.1270826960454
207,PB,1,503,108,96,132.6580751405658,2728.2996775370716
208,PB,1,523,94,84,120.05599401945743,2542.7871502691173
209,PB,1,439,78,68,124.7590405541819,2216.6435526019964
210,PB,1,426,92,81,124.58548912293116,2430.5637345021732
211,PB,1,362,53,44,101.5933004680919,1632.526607874377
212,PB,1,501,125,113,130.2176831309788,2856.688330779226
213,PB,1,577,135,123,119.86483596117753,3123.3143983435502
214,PB,1,447,103,91,124.05466013012168,2737.46094279965
215,PB,1,481,106,94,126.02761998863582,2667.3059719034095
216,PB,1,473,119,107,112.0380805797743,2691.873865734469
217,PB,1,656,144,133,117.20760086274268,3242.9935128638886
218,PB,1,627,150,138,119.69694064594968,3332.3727276334344
219,PB,1,550,137,126,127.56984479100068,3098.151677166226
220,PB,1,532,108,97,131.55059026853507,2714.398542119184
221,PB,1,475,87,77,125.44785410679611,2438.9965833780097
222,PB,1,635,149,137,130.71601164356264,3481.617668708432
223,PB,1,571,140,128,125.2561439610848,3200.7341557561376
224,PB,1,423,81,69,117.13180652581092,2234.463271145235
225,PB,1,581,134,122,124.55052990654033,3134.041191218999
226,PB,1,547,110,98,124.64630319427849,2863.515851228929
227,PB,1,497,113,101,117.50563731157752,2690.7324723417014
228,PB,1,487,111,99,122.79372866722471,2637.1077552068523
229,PB,1,484,85,74,128.17113949715826,2512.374285669662
230,PB,1,402,81,70,111.33156291007505,2224.543134209694
231,PB,1,543,121,109,113.70383898532187,2870.4545437513807
232,PB,1,488,95,84,116.56757610931095,2655.8067041041386
233,PB,1,452,95,84,131.14090628022973,2384.1636396486306
234,PB,1,519,123,111,117.19445592689101,2881.358658207064
235,PB,1,555,114,102,117.5593373577786,2842.7334432385537
236,PB,1,505,129,117,134.3136422706197,3036.252057554506
237,PB,1,475,119,107,117.59989030607129,2722.6707355639674
238,PB,1,505,96,86,117.66867085167571,2409.46652178225
239,PB,1,591,141,129,128.69930885595306,3356.109552273614
240,PB,1,440,91,80,123.21389288550216,2442.1564353210165
241,PB,1,406,75,64,119.2902799896119,2154.2839250778234
242,PB,1,517,126,114,121.25838115363408,2957.9484442070298
243,PB,1,597,141,129,123.01238840051843,3317.14531887391
244,PB,1,423,86,76,118.35004816222087,2240.365900332543
245,PB,1,539,126,114,123.51947862584265,3156.4014074936267
246,PB,1,431,97,85,121.95167444524901,2485.191228574821
247,PB,1,543,130,118,130.67052192441875,2873.0046300873687
248,PB,1,535,132,120,129.763754954918,2930.6096922902893
249,PB,1,441,90,78,116.21571838611162,2197.0646577205853
250,PB,1,661,149,137,115.8272118286545,3443.9226629840896
251,PB,1,521,128,116,115.27935851660523,3082.504428527664
252,PB,1,474,106,95,119.75542158917065,2672.61030936264
253,PB,1,741,189,177,129.43879209881402,4033.4970819917303
254,PB,1,410,80,69,115.04487211518817,2301.2364441413033
255,PB,1,533,129,117,121.02582121183892,2869.8782835005604
256,PB,1,491,117,105,123.78737980909038,2784.835289734858
257,PB,1,455,100,88,119.1140079923432,2578.710366859515
258,PB,1,511,104,92,109.44705980518617,2635.8183438417973
259,PB,1,527,122,110,117.31578921867252,2920.0941789108797
260,PB,1,463,103,91,114.34145836047396,2488.5546114194913
261,PB,1,515,109,97,122.74639628111288,2971.263901120197
262,PB,1,400,80,69,121.27900189233088,2119.9839503157514
263,PB,1,531,121,109,131.5299574241549,3035.707628698046
264,PB,1,516,109,98,110.77199871808759,2764.34116951772
265,PB,1,483,100,88,121.94816603787037,2640.4530394178614
266,PB,1,609,141,129,116.2898968096541,3226.5102458488514
267,PB,1,523,109,97,114.86741443943099,2745.735060596172
268,PB,1,491,118,106,123.70093289866492,2867.2988258366076
269,PB,1,589,141,129,120.15103703256165,3268.1491239620004
270,PB,1,517,106,94,125.11411031534372,2857.040080567876
271,PB,1,574,128,117,115.6471988419953,3074.124876454712
272,PB,1,542,95,84,120.37340985450234,2749.2968429329067
273,PB,1,611,145,133,121.28730106651726,3356.0892326630674
274,PB,1,454,80,69,112.2988410447766,2072.39440675044
275,PB,1,547,126,114,116.05211113978065,3077.3010144354284
276,PB,1,512,100,89,117.36532366930192,2512.30857667662
277,PB,1,595,131,119,124.32865196727583,3003.435222804868
278,PB,1,535,131,119,128.00598032904557,3069.9667866332707
279,PB,1,559,124,112,126.89114626324408,2909.664994977804
280,PB,1,421,99,87,118.2198866519504,2464.845514596383
281,PB,1,487,108,96,128.25565796486327,2742.020058975962
282,PB,1,543,123,111,116.5569448810323,2912.9681238305584
283,PB,1,473,120,108,120.80539474708901,2732.313892776135
284,PB,1,627,155,143,130.43901026916757,3622.78562561319
285,PB,1,477,120,108,122.1194877978122,2814.549287606987
286,PB,1,503,107,95,123.82745091456901,2746.9460205298433
287,PB,1,468,85,74,131.12548722502427,2164.6961520523255
288,PB,1,631,152,140,126.46039103213306,3419.3828120976746
289,PB,1,428,85,74,110.36584344805235,2177.956873474035
290,PB,1,565,167,155,119.82623502388782,3479.2100957185608
291,PB,1,420,86,75,126.28000395945513,2329.2556729495645
292,PB,1,429,78,68,125.84179313725626,2184.926180215112
293,PB,1,540,120,109,131.14605827092174,2802.595463220256
294,PB,1,486,99,88,114.53169386680702,2583.578245424182
295,PB,1,546,116,105,127.59606498634668,2871.7999838599817
296,PB,1,487,111,99,129.9165089586385,2601.9402043353557
297,PB,1,575,120,108,124.17135257377204,2839.306268819889
298,PB,1,517,120,108,132.02771943800286,3106.020223305625
299,PB,1,470,94,83,128.66320103277394,2537.8361526525227
300,PB,1,523,133,121,132.22756180161534,3056.671151938821
301,PB,1,539,137,125,123.01993375059182,2986.3166707636988
302,PB,1,538,106,95,130.1916967398459,2810.203029859451
303,PB,1,474,106,95,122.33533340780987,2649.0315747727423
304,PB,1,526,126,115,126.67216505610062,2797.6592000682494
305,PB,1,532,103,92,128.89695923488654,2644.3271475156216
306,PB,1,468,92,81,128.7180030143414,2473.524255053626
307,PB,1,500,99,88,116.82541547112083,2673.4977477446455
308,PB,1,528,123,112,126.09325200025575,2848.793672697495
309,PB,1,388,73,62,120.18900448876344,2089.0971843400703
310,PB,1,446,87,76,121.24155475743454,2307.0368765328735
311,PB,1,623,151,139,135.21432061730738,3294.862621022408
312,PB,1,471,101,89,120.63984665109618,2548.3575989288815
313,PB,1,527,131,119,118.71446247193305,3068.3952681934975
314,PB,1,625,147,135,127.89497644551956,3394.469152039215
315,PB,1,499,109,97,124.75721943038005,2711.8689527547385
316,PB,1,467,104,92,123.93001291051333,2706.7513214580526
317,PB,1,521,121,109,128.213473940924,2938.1829350599937
318,PB,1,493,107,95,121.66836112975305,2659.6801714507455
319,PB,1,470,97,86,113.70231791832566,2394.804412266272
320,PB,1,463,104,92,121.2468432578762,2751.6066996966492
321,PB,1,442,85,74,119.61819468626,2343.0971797126404
322,PB,1,569,135,123,116.66307513519435,3299.2528221712705
323,PB,1,523,114,102,115.89522207580431,2770.285720415323
324,PB,1,498,96,85,116.2874864291081,2506.982969162394
325,PB,1,575,127,115,122.93738772236867,3066.1778460019063
326,PB,1,571,120,108,122.88529651671107,2955.2764428828486
327,PB,1,537,140,128,127.1727380376785,3127.9240716290324
328,PB,1,444,106,95,122.23268998103575,2497.9268262243572
329,PB,1,545,104,92,121.43256482509129,2702.2953245613494
330,PB,1,568,110,99,122.2614325942568,2871.4040967642914
331,PB,1,477,82,72,122.15237165114723,2353.6292230347726
332,PB,1,449,88,76,128.0824367350965,2236.7412719911827
333,PB,1,509,122,110,125.83286931481773,2856.0530854920253
334,PB,1,503,117,105,125.87800363844352,2867.2611960643367
335,PB,1,559,134,122,126.3644229995136,3034.8720814410312
336,PB,1,467,113,101,112.90373421636681,2714.2916974168133
337,PB,1,508,106,95,129.9610130000532,2761.4748976779288
338,PB,1,391,77,65,125.02716064919655,2136.469502596141
339,PB,1,553,137,125,122.71351718535331,3082.604782460788
340,PB,1,480,103,92,127.78130731840241,2639.522012028413
341,PB,1,535,129,117,124.08321159608981,3137.014604078697
342,PB,1,516,116,105,124.85409965235424,2855.054157488934
343,PB,1,529,134,122,130.29287163924204,3019.920906432345
344,PB,1,565,140,128,118.6309424222871,3109.4685999764665
345,PB,1,558,116,105,120.25086527755217,2816.222511619716
346,PB,1,502,113,102,117.08430808609667,2563.7534938178565
347,PB,1,591,146,134,122.34039193986587,3319.10097462913
348,PB,1,559,136,124,115.09579531850848,3230.525217850201
349,PB,1,522,109,98,118.27759128423271,2687.007367978162
350,PB,1,482,74,65,111.42942340333633,2239.0522883211274
351,PB,1,553,114,102,123.01367119145742,2761.0921135398785
352,PB,1,504,125,114,122.68285047226445,2853.0905244698956
353,PB,1,574,130,119,114.83662612598822,3018.9801424561533
354,PB,1,673,164,152,121.2199410163196,3759.9464290826077
355,PB,1,450,91,80,118.890263688832,2268.425421952158
356,PB,1,387,82,70,116.41341030998103,2326.3074687072526
357,PB,1,520,115,104,119.1835852791818,2658.3195532249297
358,PB,1,555,111,99,126.87830271563378,2852.3199314108947
359,PB,1,535,130,118,118.31836543833761,3049.390782713179
360,PB,1,427,89,77,117.41098756079006,2399.6626425264467
361,PB,1,535,137,125,123.96453807440255,3109.0410618801698
362,PB,1,429,94,82,120.1460794200127,2451.2090709435024
363,PB,1,519,118,106,129.86210879236484,2959.1019670111195
364,PB,1,599,138,126,126.98073279045133,3189.3973160914566
365,PB,1,547,135,123,119.41453596610421,3114.802672683748
366,PB,1,553,141,129,117.4058946561032,3120.379995426828
367,PB,1,446,87,76,122.73297723106045,2366.371843921476
368,PB,1,384,71,60,113.29437982530288,2041.4509973955865
369,PB,1,498,113,102,127.7695394059163,2752.9570132736762
370,PB,1,533,128,116,130.633597898856,3002.383399612374
371,PB,1,547,113,101,126.12685836093755,2876.6514367664545
372,PB,1,344,68,57,116.18427862667134,1904.3847524719886
373,PB,1,529,117,105,135.05554746103547,2756.9196428185705
374,PB,1,505,109,97,130.03372908595676,2822.7961708264806
375,PB,1,370,56,45,105.7208300194432,1874.7662206890986
376,PB,1,523,116,104,112.68011093356272,2842.35271287244
377,PB,1,490,94,83,121.01271462123309,2381.439648944258
378,PB,1,609,162,150,126.88602011254038,3549.9496324674524
379,PB,1,406,85,74,114.4969370769367,2273.5577102392926
380,PB,1,475,101,89,117.37514004251497,2607.5147623615703
381,PB,1,523,120,108,121.0707037230725,2946.986435128873
382,PB,1,490,113,102,115.38596535107723,2564.496874518345
383,PB,1,565,139,127,120.07892945891881,3070.8845482910756
384,PB,1,546,104,93,117.84337274535213,2857.700222733276
385,PB,1,548,117,106,129.76139564600868,2956.8084754199276
386,PB,1,436,96,85,121.15540309866499,2372.123493510809
387,PB,1,511,111,99,132.26137493614678,2884.743067309278
388,PB,1,537,125,113,125.97722730716056,2957.163698435586
389,PB,1,517,128,116,121.83099933924862,2999.174325227421
390,PB,1,599,147,135,121.91190384863982,3230.6850922802705
391,PB,1,539,116,104,124.76487125789855,2734.054609898131
392,PB,1,499,115,103,127.4581947149731,2751.708893172277
393,PB,1,405,83,71,121.60714370463603,2276.0802838474046
394,PB,1,589,145,133,123.71353563777893,3202.467513745935
395,PB,1,619,163,151,116.848830974041,3494.600959290174
396,PB,1,550,117,106,131.33873305312488,2925.688457920443
397,PB,1,481,111,99,123.15936423999598,2721.0716548381724
398,PB,1,495,119,107,127.37820260939466,2726.2797312979574
399,PB,1,480,100,89,128.8837836967863,2534.7176222624203
400,PB,1,540,115,104,118.44268698404305,2821.982498924535
401,SA,2,201,87,68,20.83979366500542,810.4556921400426
402,SA,2,202,89,70,20.11750730085614,794.3495862703232
403,SA,2,236,111,92,19.57612065757667,924.863836627603
404,SA,2,208,88,69,19.46592920977573,838.2713273495533
405,SA,2,207,91,72,19.23712556490704,817.8972293740189
406,SA,2,221,97,78,19.3504651106892,879.2945190734976
407,SA,2,214,92,73,20.157098005417346,854.3666080923102
408,SA,2,210,90,71,20.445911571754387,838.2465998898055
409,SA,2,216,96,77,20.628703303891886,867.0028776353677
410,SA,2,208,91,72,19.59245262849958,835.8303961513599
411,SA,2,209,90,71,20.3921774217468,828.227372781769
412,SA,2,198,87,68,20.8070396741103,795.6121729313886
413,SA,2,217,98,79,20.856838207168412,869.6372068190964
414,SA,2,208,90,71,20.57536876947774,827.6394930624623
415,SA,2,199,88,69,20.474288754435403,784.4505312610023
416,SA,2,203,89,70,20.033664168094663,808.5829462296376
417,SA,2,199,86,67,20.685661700801354,804.8922063863338
418,SA,2,213,94,75,20.95173501168817,855.8102078051255
419,SA,2,218,99,80,20.475187422829613,872.0089117710302
420,SA,2,230,104,85,21.05969135576303,917.2646615883772
421,SA,2,208,90,71,20.540301847830765,830.182233404046
422,SA,2,199,88,69,19.64271111634033,791.5677341406645
423,SA,2,198,87,68,20.376138005029315,776.2138139075162
424,SA,2,200,86,67,20.699577290369966,803.6817089960047
425,SA,2,225,100,81,19.581136330662734,901.8981911654255
426,SA,2,220,101,82,20.374125748114935,876.8127428402788
427,SA,2,205,89,70,20.114010042753783,811.6583427204476
428,SA,2,223,102,83,19.24315462703556,871.8716819819462
429,SA,2,224,96,77,19.498846119706673,892.2428284099847
430,SA,2,207,90,71,19.711745229684762,816.4895409027165
431,SA,2,194,83,64,20.60287601282889,784.0482439167504
432,SA,2,211,92,73,19.744389076393325,836.7501162478317
433,SA,2,213,96,77,20.10938835469642,854.2874728542022
434,SA,2,186,79,60,20.000722486950316,757.4516072259881
435,SA,2,213,91,72,20.53780416695027,854.3107469990686
436,SA,2,199,85,66,19.55969836168237,801.4594564150968
437,SA,2,199,84,65,20.95405450026319,793.1133087128866
438,SA,2,210,91,72,21.611665831212548,848.4027041845893
439,SA,2,202,87,68,20.5711181028159,826.1777670295252
440,SA,2,216,94,75,20.159714779728407,860.2655296353314
441,SA,2,240,108,89,20.707942920531725,950.5562069613433
442,SA,2,227,103,84,20.165376267255716,889.1728561563683
443,SA,2,197,84,65,20.043407893868746,803.4357914274559
444,SA,2,197,85,66,20.24126972301886,776.6529758573646
445,SA,2,240,109,90,19.76325125074313,948.9654508516933
446,SA,2,180,78,59,19.58260707873188,717.1296357872659
447,SA,2,197,84,65,20.69999758454092,800.114628129537
448,SA,2,185,78,59,20.32271881417445,735.8374573917401
449,SA,2,209,93,74,19.78256302909206,825.7201980500579
450,SA,2,200,83,64,20.272821707892565,817.1955484552292
451,SA,2,207,91,72,21.34048499917469,827.6780034439369
452,SA,2,221,97,78,21.421939688086137,879.7575149806127
453,SA,2,213,93,74,20.532941825271898,863.8949688228934
454,SA,2,192,80,61,20.244725238935697,764.1878212040316
455,SA,2,211,94,75,20.758017728097258,836.2493663066571
456,SA,2,225,103,84,19.97227077725515,888.8733389103274
457,SA,2,201,87,68,20.41928010484209,805.5484898630381
458,SA,2,214,93,74,20.75256851572836,844.2079789071802
459,SA,2,206,88,69,19.903130407049037,819.6732164933214
460,SA,2,185,75,56,20.66909044926748,754.216464054357
461,SA,2,204,89,70,20.647881247236967,823.8147263987687
462,SA,2,214,92,73,20.401151928261307,858.8302984379471
463,SA,2,206,90,71,20.11899102837913,827.3100121874406
464,SA,2,203,95,76,20.153778802001376,794.0654682645232
465,SA,2,196,85,66,19.976085702659567,788.3926371821562
466,SA,2,188,77,58,20.114005071094123,763.9416680358927
467,SA,2,224,99,80,21.511880438492586,901.7316210824066
468,SA,2,211,90,71,20.30979566613116,838.6053004698521
469,SA,2,216,95,76,20.582762205301794,875.6974735711026
470,SA,2,219,97,78,20.462785734107662,872.163101650553
471,SA,2,213,94,75,20.675265415466857,848.9667397752439
472,SA,2,212,91,72,20.43977739604813,851.1438498430646
473,SA,2,220,96,77,20.838905921376966,873.8984830363293
474,SA,2,212,92,73,20.401169084148094,852.9555827316605
475,SA,2,212,93,74,20.382681374147023,841.5375623788995
476,SA,2,223,101,82,21.372865975343597,892.9390125562727
477,SA,2,220,98,79,20.074192387241883,871.5052060804794
478,SA,2,225,100,81,21.46774790237672,887.9597991462242
479,SA,2,201,90,71,21.045690770321606,810.8957865148748
480,SA,2,202,83,64,20.24214662529644,814.4287273860477
481,SA,2,207,90,71,20.767717736910814,824.032439946319
482,SA,2,210,92,73,20.172667151370938,848.8175327871704
483,SA,2,228,101,82,21.09883409101081,912.2052808632202
484,SA,2,213,94,75,20.432204971563888,850.7861534137252
485,SA,2,197,87,68,20.250703691476996,801.9058602384939
486,SA,2,221,99,80,20.49890484879619,879.6586160436193
487,SA,2,210,91,72,20.93720372924713,833.5164212649814
488,SA,2,231,104,85,20.510351045264926,912.9064122814883
489,SA,2,230,104,85,20.78038257588151,907.7791650098403
490,SA,2,207,93,74,20.298866963453897,809.4528363210754
491,SA,2,215,96,77,19.33025866355647,852.9853600974744
492,SA,2,219,98,79,20.546420612846415,874.8428790682367
493,SA,2,221,99,80,20.5484549297508,862.4348057699834
494,SA,2,212,92,73,20.126726012941102,848.3247328108301
495,SA,2,210,94,75,19.970350522712412,833.0716445929359
496,SA,2,220,98,79,19.756259767476234,877.966419780294
497,SA,2,218,101,82,20.515676932531377,859.8173751805213
498,SA,2,206,89,70,20.52720390116491,836.4046266808368
499,SA,2,216,95,76,20.38263967203463,865.9849498287249
500,SA,2,211,93,74,20.648474519925195,837.6930676893425
501,SA,2,189,81,62,20.695129861878133,761.6063971672905
502,SA,2,198,86,67,20.19109457161746,795.5005198739207
503,SA,2,210,90,71,19.813848692265722,823.7630652292041
504,SA,2,226,101,82,19.277393496009775,886.871664973079
505,SA,2,222,100,81,19.953039868651594,881.3454226040881
506,SA,2,209,88,69,20.37894256334219,846.0398580179742
507,SA,2,185,77,58,20.3663177820636,750.6855109096695
508,SA,2,192,81,62,20.790887426947414,776.3992523459488
509,SA,2,227,98,79,19.43325500270091,893.3156008999317
510,SA,2,207,92,73,20.535028609670842,821.0863700322554
511,SA,2,206,89,70,20.80041345742916,824.6730786407551
512,SA,2,221,96,77,21.180658629985988,882.3391633784563
513,SA,2,190,83,64,20.683125972637693,776.255932318399
514,SA,2,213,90,71,19.90356249519166,846.8126201646278
515,SA,2,229,103,84,20.565315460746035,903.3877013054409
516,SA,2,223,99,80,21.4622319435794,881.7405209357145
517,SA,2,206,87,68,20.667844590087277,839.1032002865895
518,SA,2,215,96,77,20.78857618982118,850.8199036676124
519,SA,2,211,94,75,19.24340406476983,830.1525767727
520,SA,2,202,89,70,19.566977283167677,810.904304988768
521,SA,2,212,92,73,19.79294066075074,842.3136536493924
522,SA,2,197,84,65,20.011566655312123,796.0394357653424
523,SA,2,200,85,66,20.32553320333811,803.1382283774127
524,SA,2,198,82,63,21.71274740791685,801.3348996456328
525,SA,2,229,105,86,20.647702051317964,905.5064913412598
526,SA,2,218,97,78,19.771696942852426,865.3911151019704
527,SA,2,188,81,62,21.197686194488302,760.2429890961444
528,SA,2,214,96,77,21.32756432413228,845.88811441614
529,SA,2,199,88,69,20.933258227041485,797.52187753719
530,SA,2,204,89,70,19.74247198301165,793.0399179503543
531,SA,2,207,91,72,20.541239008394797,829.8403678530284
532,SA,2,189,80,61,20.64909198972197,775.3715345711228
533,SA,2,225,103,84,20.235565225612056,892.5752111688917
534,SA,2,200,83,64,20.77576713385092,816.8184329509359
535,SA,2,201,85,66,20.537424376001972,818.513944261253
536,SA,2,204,88,69,20.197014630880474,808.047564796512
537,SA,2,203,89,70,20.85754539728968,822.5988374351292
538,SA,2,203,88,69,21.214346560759303,808.8492336845027
539,SA,2,183,76,57,20.189494793084844,746.7976237764648
540,SA,2,187,81,62,19.308547330133358,743.0428930887182
541,SA,2,221,101,82,20.32204960135665,866.2216934739938
542,SA,2,218,99,80,20.088384703604216,865.6338397067499
543,SA,2,209,89,70,21.150872322436253,853.5904488667798
544,SA,2,201,87,68,20.7250621229467,796.4421083713872
545,SA,2,229,107,88,20.28290166618179,908.2671305075838
546,SA,2,192,78,59,20.04192106560646,777.3360767289446
547,SA,2,216,96,77,20.257235744296405,854.8796101711094
548,SA,2,211,92,73,20.284294417110004,839.9047510836415
549,SA,2,214,94,75,20.90350449087425,856.7686363801932
550,SA,2,192,83,64,19.839732861104757,780.1256219469694
551,SA,2,193,84,65,20.681818101898102,772.4599880865944
552,SA,2,221,100,81,19.922876298366155,875.3651314038789
553,SA,2,230,105,86,20.753775560123994,903.5124525054648
554,SA,2,205,92,73,21.18617001725418,828.9135949441187
555,SA,2,198,85,66,20.639018872029748,793.4695575841658
556,SA,2,229,104,85,20.428602497478874,911.6932372555725
557,SA,2,192,81,62,19.692884501768653,766.9467300322952
558,SA,2,222,99,80,20.266657346489083,879.6804164747202
559,SA,2,208,88,69,20.160788675049396,836.4079744858145
560,SA,2,210,92,73,19.665406174295004,838.6471650014049
561,SA,2,196,82,63,20.14907938343586,793.3584129088578
562,SA,2,211,92,73,20.48940457895251,832.0109478853951
563,SA,2,199,85,66,19.67039908085243,798.2620297130487
564,SA,2,215,94,75,20.24778012523842,862.9603105798974
565,SA,2,210,90,71,20.640496602552954,833.5110967926869
566,SA,2,180,79,60,20.389391849684973,731.6910534415082
567,SA,2,209,90,71,19.601227002409825,833.5015121360259
568,SA,2,207,91,72,20.71406526976296,831.0037538560728
569,SA,2,204,88,69,20.28687013809671,830.5947075249596
570,SA,2,206,90,71,20.095519401100336,831.6103915247836
571,SA,2,209,92,73,20.709770640931783,844.9419951462447
572,SA,2,211,90,71,19.61905706194872,851.0057280069501
573,SA,2,216,98,79,21.419696543135245,864.9768793744428
574,SA,2,227,99,80,21.109336796782603,908.6469839386768
575,SA,2,230,107,88,21.231264682067337,908.2689902988051
576,SA,2,185,80,61,20.010919519102565,749.5922030108172
577,SA,2,221,98,79,20.877859085643816,884.9702372978139
578,SA,2,198,84,65,20.378238392952422,803.5036860636967
579,SA,2,192,80,61,20.812354503995937,778.57201231634
580,SA,2,204,91,72,20.319187975901006,819.9009843164611
581,SA,2,223,101,82,19.443191610432685,871.6464062131508
582,SA,2,234,107,88,20.629777022546804,931.4054041517653
583,SA,2,215,95,76,19.581958533303048,851.1919968770998
584,SA,2,208,91,72,19.68278943645946,821.9474150564612
585,SA,2,199,87,68,20.09052513002087,786.5125734188741
586,SA,2,223,99,80,19.689677498628562,888.0533326982273
587,SA,2,210,93,74,20.0482667580018,832.0468946887198
588,SA,2,222,99,80,20.742078005831527,876.0883951741995
589,SA,2,205,87,68,20.42765282649967,823.5474321879636
590,SA,2,201,86,67,20.32592679313787,807.5459649796798
591,SA,2,213,95,76,19.98489679733173,845.0729272682516
592,SA,2,220,96,77,20.131033257138093,874.8985400908962
593,SA,2,216,98,79,19.656744389649067,845.5373849434611
594,SA,2,217,96,77,20.29530241213469,858.2064736327476
595,SA,2,200,85,66,20.25192583434968,803.9544642417129
596,SA,2,215,97,78,20.59505280401097,862.2598902187622
597,SA,2,213,93,74,19.88383514315083,841.323628371008
598,SA,2,190,79,60,20.25348611967826,767.6967116237756
599,SA,2,232,107,88,19.911243055118383,905.1842053450648
600,SA,2,214,93,74,19.777545348197282,842.1156809397097
601,SB,2,86,6,2,119.1120426321369,548.3262042137384
602,SB,2,81,5,1,106.34864221042034,506.87821001233203
603,SB,2,96,8,4,107.47951525755965,527.817760054163
604,SB,2,86,6,2,109.480503287115,503.43251037835654
605,SB,2,101,9,5,118.80048526836917,543.2298195217078
606,SB,2,91,7,3,114.62393249230284,535.7796623150048
607,SB,2,91,7,3,113.70313408169538,536.718703583532
608,SB,2,91,7,3,117.62416971014078,526.1283682511847
609,SB,2,91,7,3,119.34171651187191,583.36068351077
610,SB,2,96,8,4,111.75614032347394,555.569134441766
611,SB,2,91,7,3,114.49068564734863,591.3882963762703
612,SB,2,86,6,2,106.32557829609956,513.4331325615645
613,SB,2,81,5,1,116.14906370694514,513.2542155709091
614,SB,2,81,5,1,100.13268796951373,437.38286355115497
615,SB,2,91,7,3,100.32003239632651,502.18272395251927
616,SB,2,86,6,2,115.08512414730237,529.0222068359787
617,SB,2,96,8,4,113.28060513609556,597.9237681600188
618,SB,2,86,6,2,117.90146988057444,523.2306314645148
619,SB,2,96,8,4,107.3953164714365,560.6516590969555
620,SB,2,96,8,4,112.05457732730063,565.3425940900164
621,SB,2,91,7,3,112.6492157096533,551.3702964614819
622,SB,2,91,7,3,111.38396024562962,546.9962192592066
623,SB,2,86,6,2,118.88437828411267,543.3977466596383
624,SB,2,91,7,3,108.66258141605141,535.5694654069658
625,SB,2,91,7,3,113.24008919106343,532.098337547681
626,SB,2,91,7,3,115.96685302274958,594.645837899405
627,SB,2,86,6,2,109.09229761995115,495.33096256670774
628,SB,2,86,6,2,115.73691675519959,531.2008608322591
629,SB,2,81,5,1,118.18342734918463,529.1932594462364
630,SB,2,91,7,3,93.54361816821071,473.4053872146695
631,SB,2,81,5,1,116.99686363317608,518.1505502908502
632,SB,2,91,7,3,110.73606864974032,575.4215826334289
633,SB,2,101,9,5,108.24922586328275,570.2427700496166
634,SB,2,81,5,1,101.35659327345213,451.6244441686094
635,SB,2,86,6,2,118.95886936248176,575.4087819265752
636,SB,2,86,6,2,114.99859173050773,559.7647889905148
637,SB,2,96,8,4,105.07978349806399,513.9789027622571
638,SB,2,86,6,2,114.83690391159107,521.4185813224389
639,SB,2,101,9,5,109.63814573404642,537.8160064685597
640,SB,2,86,6,2,104.45978221306035,503.7288261931651
641,SB,2,91,7,3,112.66564915714106,580.766872720522
642,SB,2,91,7,3,114.64481584441575,538.6100246680006
643,SB,2,86,6,2,118.98886124339538,562.9561888824835
644,SB,2,96,8,4,114.71956546291483,593.1641919290555
645,SB,2,91,7,3,115.2146557517749,490.06113577914635
646,SB,2,96,8,4,114.74650190746557,554.1022002346999
647,SB,2,96,8,4,107.35533242461689,514.6018954008314
648,SB,2,101,9,5,113.00464857695015,588.5804402675078
649,SB,2,86,6,2,111.49533891602825,518.6076335688089
650,SB,2,96,8,4,115.8200643239331,583.3027898763025
651,SB,2,91,7,3,102.97352523828637,513.824577502167
652,SB,2,86,6,2,106.59132469389806,529.3370857246736
653,SB,2,91,7,3,118.1066149713893,518.6109910119003
654,SB,2,86,6,2,115.63092795614847,506.63795829603225
655,SB,2,91,7,3,116.26906467328271,559.9856709188441
656,SB,2,91,7,3,117.47966887934268,514.0210449215015
657,SB,2,86,6,2,87.19345216241872,439.7939272219136
658,SB,2,96,8,4,116.9691732893757,576.3717741403373
659,SB,2,91,7,3,117.12193219034597,540.8411097062647
660,SB,2,86,6,2,116.53656679343185,529.435222777958
661,SB,2,96,8,4,103.74594739072943,498.858973346436
662,SB,2,86,6,2,109.41061922866537,510.24384814180866
663,SB,2,91,7,3,107.94916581428501,510.1223885730779
664,SB,2,96,8,4,109.23432931089016,561.2519429214985
665,SB,2,86,6,2,118.28014795391489,537.9485468162194
666,SB,2,91,7,3,109.38073322116651,532.2482587683936
667,SB,2,91,7,3,100.18918005453483,503.3248240366327
668,SB,2,96,8,4,95.687183049769,513.0846154242364
669,SB,2,81,5,1,115.52786373858041,495.9472846062507
670,SB,2,91,7,3,104.58161884384847,507.9019451217942
671,SB,2,81,5,1,115.23416507269015,519.2933483197564
672,SB,2,81,5,1,101.59441175576539,478.3253874252839
673,SB,2,86,6,2,105.99138125338304,524.4438423446348
674,SB,2,91,7,3,115.65044271424125,548.4320798899273
675,SB,2,91,7,3,111.2789616234803,565.2392851299302
676,SB,2,96,8,4,112.63819867167621,586.1539327528263
677,SB,2,86,6,2,110.72699264407031,508.32336946259176
678,SB,2,96,8,4,117.77484323912302,597.5015216602524
679,SB,2,86,6,2,97.83653509809105,474.07630102865545
680,SB,2,91,7,3,106.06706604785484,473.38797420450373
681,SB,2,96,8,4,106.52343122524734,573.2140361858899
682,SB,2,91,7,3,116.37580031948222,574.4754300181958
683,SB,2,96,8,4,117.73665571944873,586.5113890279687
684,SB,2,96,8,4,115.50824472737865,577.757513121143
685,SB,2,86,6,2,101.27208006158459,472.8915281155683
686,SB,2,91,7,3,118.66056800807924,543.2783001159282
687,SB,2,91,7,3,114.16486105628124,550.2533689844579
688,SB,2,101,9,5,114.44067589803898,567.786093633196
689,SB,2,96,8,4,112.63775565945906,566.0224641126437
690,SB,2,91,7,3,115.14596779740053,569.9944193228547
691,SB,2,101,9,5,110.95284809323283,572.503935173654
692,SB,2,81,5,1,117.40137009421994,510.1578219363824
693,SB,2,91,7,3,111.22571375361005,526.9852252178175
694,SB,2,96,8,4,117.45040996097035,579.1427681838422
695,SB,2,91,7,3,111.48120693641596,511.1488243856022
696,SB,2,86,6,2,114.09631063272816,528.402771793726
697,SB,2,81,5,1,109.50686005908489,522.1113913781535
698,SB,2,86,6,2,117.00297517584755,558.4220928989165
699,SB,2,91,7,3,115.74524353078186,530.73951972672
700,SB,2,96,8,4,114.41288126780131,595.0799744704284
701,SB,2,96,8,4,114.4129441977611,590.2005212072485
702,SB,2,86,6,2,110.89580965933744,511.75730846145416
703,SB,2,96,8,4,110.65932405360157,534.6742358427911
704,SB,2,86,6,2,112.97485959274302,485.6127262802542
705,SB,2,101,9,5,112.90379665892551,556.091840647446
706,SB,2,96,8,4,117.9192070868864,575.7565566649203
707,SB,2,91,7,3,107.10993464660503,523.4395500678279
708,SB,2,101,9,5,110.03271740714214,580.3652711107732
709,SB,2,91,7,3,104.18613439416976,501.4790750395245
710,SB,2,91,7,3,111.31112208580058,556.6071260275281
711,SB,2,96,8,4,119.51834545374196,552.9581365332978
712,SB,2,91,7,3,117.87616340889282,589.9157591334739
713,SB,2,86,6,2,114.6109772229519,535.4636913993274
714,SB,2,91,7,3,110.21945880832477,519.1227713210457
715,SB,2,91,7,3,117.50538030235042,573.5260194130736
716,SB,2,81,5,1,116.54441642567008,503.079918129076
717,SB,2,91,7,3,115.6764111649389,575.451977425036
718,SB,2,91,7,3,114.84660508695936,518.5510493204631
719,SB,2,96,8,4,118.17753678258825,614.2528647191173
720,SB,2,101,9,5,103.84548280979774,542.9947461942204
721,SB,2,96,8,4,112.35231773310241,560.9816827597505
722,SB,2,86,6,2,106.60224247172289,503.2300728989088
723,SB,2,86,6,2,109.27035737106381,472.263647792717
724,SB,2,86,6,2,108.92256699141826,504.46943540720093
725,SB,2,101,9,5,112.837260689898,572.2055702005434
726,SB,2,91,7,3,108.47894726627835,510.42712342377956
727,SB,2,86,6,2,113.50604257042882,536.4241376438231
728,SB,2,81,5,1,116.46301601796169,490.1557749150052
729,SB,2,86,6,2,118.2525644542223,560.4070766735296
730,SB,2,96,8,4,116.59166951373498,569.3857790111206
731,SB,2,91,7,3,113.7791211075213,564.0127730412918
732,SB,2,91,7,3,99.44146318312094,501.1301724389182
733,SB,2,96,8,4,119.3690332540228,640.4652067695193
734,SB,2,86,6,2,111.39731459958988,501.10202268331614
735,SB,2,86,6,2,114.48678045957969,505.2169564630349
736,SB,2,96,8,4,116.24795955198525,570.1883442721593
737,SB,2,91,7,3,116.39215652267983,600.0810835438145
738,SB,2,96,8,4,109.01100953573452,541.3852454724685
739,SB,2,91,7,3,112.20756703538314,493.181932323332
740,SB,2,81,5,1,109.1257517728973,499.6090122699858
741,SB,2,91,7,3,112.06778796781883,523.6053112246311
742,SB,2,81,5,1,95.03832753158065,433.0021926166912
743,SB,2,91,7,3,106.64995499295814,534.8425021409804
744,SB,2,91,7,3,115.20660180736171,538.113810834932
745,SB,2,96,8,4,113.96423210814874,591.9848290319203
746,SB,2,91,7,3,113.41736992189513,540.3216885471918
747,SB,2,96,8,4,112.03203158025833,533.9618884510378
748,SB,2,96,8,4,114.828057982359,582.9194254732992
749,SB,2,96,8,4,99.73576991230378,534.2213456981779
750,SB,2,86,6,2,111.97539819085263,480.55432622922103
751,SB,2,91,7,3,93.94944065826044,492.3168726549094
752,SB,2,91,7,3,117.08048769970169,552.0324467975562
753,SB,2,86,6,2,99.65207775054166,454.27470906735095
754,SB,2,91,7,3,118.13401923239554,571.7315113895262
755,SB,2,91,7,3,110.44286894136715,532.6671010713675
756,SB,2,86,6,2,118.15491652910598,517.4015473965246
757,SB,2,91,7,3,103.92614925994324,513.1415957043394
758,SB,2,91,7,3,96.90208305294578,488.7567141071946
759,SB,2,96,8,4,115.10762529042114,555.9252357667871
760,SB,2,91,7,3,110.1249458569674,524.9283293635232
761,SB,2,91,7,3,102.01595414443763,469.6719921565395
762,SB,2,86,6,2,116.00624336646713,551.884740410432
763,SB,2,91,7,3,114.7764875747642,548.0322607445805
764,SB,2,91,7,3,119.27424784923191,523.6048163393016
765,SB,2,91,7,3,116.49732572037865,544.6336845858078
766,SB,2,91,7,3,118.02321720746303,574.3998407056768
767,SB,2,101,9,5,119.04637289728738,583.8470975925975
768,SB,2,101,9,5,99.82352979132726,540.6074091239985
769,SB,2,91,7,3,118.24242005304187,599.2769812319643
770,SB,2,86,6,2,116.58645461630609,546.3555005408455
771,SB,2,86,6,2,107.35109361343275,526.7705589284556
772,SB,2,91,7,3,115.84513196505065,556.6582048626713
773,SB,2,91,7,3,117.48571232281822,536.53761606639
774,SB,2,96,8,4,118.40165454925028,608.253521695869
775,SB,2,101,9,5,117.85031735213954,602.8540992548925
776,SB,2,91,7,3,118.7320803321495,545.4228291684311
777,SB,2,101,9,5,116.17889696498241,610.9758146385643
778,SB,2,86,6,2,117.81243185674423,549.0113851017126
779,SB,2,86,6,2,109.4653712367523,531.4113396840017
780,SB,2,96,8,4,114.24410137945854,585.0844734013797
781,SB,2,91,7,3,106.56916861832038,519.8639922107274
782,SB,2,91,7,3,91.77845117455405,463.96946999442247
783,SB,2,81,5,1,109.55039525259598,470.44769894307973
784,SB,2,86,6,2,115.56984727860463,516.2561086995963
785,SB,2,81,5,1,117.07180873293109,528.3763113771995
786,SB,2,91,7,3,111.36534559727276,498.6264068831315
787,SB,2,81,5,1,112.80502958645063,545.2209020928332
788,SB,2,101,9,5,110.62864773647014,546.4060850499642
789,SB,2,86,6,2,110.88870456453174,505.3641641914189
790,SB,2,91,7,3,110.90575548635877,560.260265926835
791,SB,2,86,6,2,119.15563645921246,513.4090970966835
792,SB,2,96,8,4,115.57547966588761,579.0616054362412
793,SB,2,96,8,4,102.79206827377295,499.8797692105411
794,SB,2,96,8,4,118.93152021226332,614.0927998632603
795,SB,2,81,5,1,103.19095599906031,472.08650864028283
796,SB,2,86,6,2,117.22001066370878,534.872039916715
797,SB,2,96,8,4,111.76005816032846,540.1130460203128
798,SB,2,86,6,2,111.1147919945855,501.8885728317762
799,SB,2,86,6,2,111.79137176007816,469.5283186751382
800,SB,2,81,5,1,118.27727000569467,532.427285697648
801,BI,3,73,6,3,165.41059518664457,371.2955408669458
802,BI,3,73,6,3,160.0902804669915,358.4668267614259
803,BI,3,73,6,3,166.85243959858664,364.1021309001167
804,BI,3,73,6,3,160.89686230626128,353.4453817552454
805,BI,3,73,6,3,161.53588084385464,338.7080353158119
806,BI,3,73,6,3,164.94598782631846,361.9056947843638
807,BI,3,73,6,3,158.4261622965096,337.776418386756
808,BI,3,73,6,3,156.83753664222095,345.0197125576083
809,BI,3,73,6,3,156.40992487690798,347.0231937379453
810,BI,3,73,6,3,169.15396359529976,353.6607220590472
811,BI,3,73,6,3,158.97288259322718,337.8516214441497
812,BI,3,73,6,3,145.31178513802658,317.6574749966911
813,BI,3,73,6,3,162.88028057441454,342.1238446574533
814,BI,3,73,6,3,148.6944847665844,324.68487380066006
815,BI,3,73,6,3,163.643041709692,366.63518429807834
816,BI,3,73,6,3,165.6994598663496,340.7501420752823
817,BI,3,73,6,3,156.5158857752145,345.96093137478493
818,BI,3,73,6,3,169.37388848343775,349.59773124372106
819,BI,3,73,6,3,161.75822853876707,355.1366125494983
820,BI,3,73,6,3,158.57113514129867,355.2543308403397
821,BI,3,73,6,3,150.90766481527703,333.420838311599
822,BI,3,73,6,3,164.55145760521233,344.26654872134486
823,BI,3,73,6,3,151.2554161013747,328.8461719155844
824,BI,3,73,6,3,153.74537066201376,339.87555841404986
825,BI,3,73,6,3,167.25832744590028,359.3095208719491
826,BI,3,73,6,3,165.64375599460428,340.61263540844544
827,BI,3,73,6,3,165.6376014074099,353.9635171297882
828,BI,3,73,6,3,145.92286078610164,321.33389352276953
829,BI,3,73,6,3,142.52683185982912,318.966264476507
830,BI,3,73,6,3,162.53953457543798,348.12035230151827
831,BI,3,73,6,3,166.7703936554687,355.00433215260557
832,BI,3,73,6,3,159.67274313419932,337.7657812996703
833,BI,3,73,6,3,165.18777466870844,366.0951613382404
834,BI,3,73,6,3,166.7780378227301,368.4703622300054
835,BI,3,73,6,3,160.86514165598462,337.80750032754287
836,BI,3,73,6,3,166.420780252948,371.69431211430117
837,BI,3,73,6,3,167.3383889010528,364.6112638888186
838,BI,3,73,6,3,148.23848690539174,321.0397425447111
839,BI,3,73,6,3,168.9032092649515,361.7279379604825
840,BI,3,73,6,3,147.6321692586003,329.8514497511888
841,BI,3,73,6,3,155.78515622484701,336.7847611520543
842,BI,3,73,6,3,156.16878241185077,336.93477365458654
843,BI,3,73,6,3,160.55142602916985,353.71857398390193
844,BI,3,73,6,3,165.04799241432778,369.7109390959887
845,BI,3,73,6,3,163.84581288516347,365.1684555752732
846,BI,3,73,6,3,150.88632708101818,327.840766516432
847,BI,3,73,6,3,155.60668687431144,331.0831561928719
848,BI,3,73,6,3,162.55173022764168,339.9956060310556
849,BI,3,73,6,3,160.99515303263016,338.47284322650466
850,BI,3,73,6,3,167.0739016124302,347.337927261868
851,BI,3,73,6,3,143.94014902034803,316.2173125190787
852,BI,3,73,6,3,158.5480942805684,344.714007986272
853,BI,3,73,6,3,164.34381187011576,353.91105036222257
854,BI,3,73,6,3,156.44027742240806,342.80079972660536
855,BI,3,73,6,3,140.91239725446445,315.28274678664
856,BI,3,73,6,3,159.15839814474134,353.895937025902
857,BI,3,73,6,3,146.86602432148834,323.0635379419984
858,BI,3,73,6,3,155.33336216022624,347.04099708020516
859,BI,3,73,6,3,164.65547090819666,342.34440209866443
860,BI,3,73,6,3,166.82459381038515,356.3260618290905
861,BI,3,73,6,3,158.10041429420733,343.15038620464054
862,BI,3,73,6,3,141.15333648199748,314.3039158601275
863,BI,3,73,6,3,146.79832321930652,321.31494771570186
864,BI,3,73,6,3,150.61927532689833,336.56497120404566
865,BI,3,73,6,3,151.19600325405432,331.8000177938644
866,BI,3,73,6,3,151.38213401851618,334.6535396225042
867,BI,3,73,6,3,164.6352504781403,368.50452782467073
868,BI,3,73,6,3,153.90925963047187,343.31256165879466
869,BI,3,73,6,3,146.9009550683725,329.53124399210367
870,BI,3,73,6,3,156.80270437718858,343.6243748081767
871,BI,3,73,6,3,150.1277859025437,327.3472539112747
872,BI,3,73,6,3,160.30721942570148,338.7295328020012
873,BI,3,73,6,3,159.94999749921848,341.28624774657834
874,BI,3,73,6,3,162.28477870706175,352.75904444998037
875,BI,3,73,6,3,165.26051131471183,343.9102977717073
876,BI,3,73,6,3,161.3075810369742,342.00420434043446
877,BI,3,73,6,3,163.867500133492,348.8916640177373
878,BI,3,73,6,3,169.03094805389927,376.2078798146648
879,BI,3,73,6,3,160.89964574230734,338.84761442483625
880,BI,3,73,6,3,160.34003523761618,358.18011532397037
881,BI,3,73,6,3,142.69391087218824,319.56104292448396
882,BI,3,73,6,3,147.862091490686,326.7999045771258
883,BI,3,73,6,3,149.01318163169324,324.571918766975
884,BI,3,73,6,3,166.19906317425497,361.99952985892423
885,BI,3,73,6,3,156.07913922110154,350.1852292336175
886,BI,3,73,6,3,156.63067579500512,350.25980043172154
887,BI,3,73,6,3,165.4073109025112,346.38422624378626
888,BI,3,73,6,3,148.1940690446146,326.04776666386437
889,BI,3,73,6,3,150.86276048117375,336.199901810566
890,BI,3,73,6,3,165.15075628043607,363.43292892486625
891,BI,3,73,6,3,168.7222777228899,351.2036938714965
892,BI,3,73,6,3,156.603604683928,346.3354099123669
893,BI,3,73,6,3,152.80049378192467,339.43644804464765
894,BI,3,73,6,3,151.09441154457036,334.163978778325
895,BI,3,73,6,3,150.4906548593633,324.75835513096825
896,BI,3,73,6,3,152.97089690526101,340.0596670415596
897,BI,3,73,6,3,153.5047028595541,335.09083241433996
898,BI,3,73,6,3,165.54046453964057,367.8097423057016
899,BI,3,73,6,3,166.72540418304584,349.413872678014
900,BI,3,73,6,3,167.24547288342367,367.16830348236283
901,BI,3,73,6,3,169.73803521898088,350.39629260753367
902,BI,3,73,6,3,150.77666994598334,333.244638272801
903,BI,3,73,6,3,162.81517803939533,363.1533852059687
904,BI,3,73,6,3,163.15320192996518,363.63144594864394
905,BI,3,73,6,3,148.74008639233742,324.04768689031397
906,BI,3,73,6,3,156.2582122641879,333.3570719028117
907,BI,3,73,6,3,167.06719516410158,357.6316957577379
908,BI,3,73,6,3,164.34116647997848,347.6202069591506
909,BI,3,73,6,3,164.50269693837848,362.3846353944401
910,BI,3,73,6,3,146.99282771618485,326.7756998969035
911,BI,3,73,6,3,160.3512859318565,347.11678989641825
912,BI,3,73,6,3,161.03137830870108,359.7304710407513
913,BI,3,73,6,3,154.10929952472046,345.67813418284544
914,BI,3,73,6,3,152.57068001421504,334.0327855289941
915,BI,3,73,6,3,150.85499825991846,335.71877117382064
916,BI,3,73,6,3,158.3905622188393,338.8181755506476
917,BI,3,73,6,3,164.1238815651153,365.291712750402
918,BI,3,73,6,3,146.97233923429266,322.280588127037
919,BI,3,73,6,3,159.7475893401838,344.6752406342399
920,BI,3,73,6,3,150.3175847996501,335.6561567153128
921,BI,3,73,6,3,165.39379190284018,353.48143158947283
922,BI,3,73,6,3,158.21852736010405,335.4846234299685
923,BI,3,73,6,3,155.89977325191978,337.6905652279013
924,BI,3,73,6,3,159.4117570946384,340.18787016006826
925,BI,3,73,6,3,165.32196496533663,363.01841520709775
926,BI,3,73,6,3,159.4455057378539,352.1609757604774
927,BI,3,73,6,3,143.7360852395807,317.04186392678537
928,BI,3,73,6,3,155.70464122819206,343.22204860866367
929,BI,3,73,6,3,151.79506085508842,331.57323171254166
930,BI,3,73,6,3,157.0004856680386,347.03756824418554
931,BI,3,73,6,3,156.33631983643468,338.8866809605351
932,BI,3,73,6,3,166.91392841821198,351.1861890341436
933,BI,3,73,6,3,144.232299780597,318.68573190338736
934,BI,3,73,6,3,160.1196106040731,348.1859954574222
935,BI,3,73,6,3,160.01790681045668,347.7495445285584
936,BI,3,73,6,3,166.19011703467808,369.05880225228657
937,BI,3,73,6,3,166.65701635394774,373.9410845777874
938,BI,3,73,6,3,168.52072869531509,344.3907400244747
939,BI,3,73,6,3,168.98926030964216,345.32664076562446
940,BI,3,73,6,3,164.92878614723386,349.76631965704473
941,BI,3,73,6,3,153.9397005323838,338.03009600662483
942,BI,3,73,6,3,162.39953940821385,359.9373034523544
943,BI,3,73,6,3,149.47510026756967,326.0034866228053
944,BI,3,73,6,3,167.45154821619298,353.9298299335242
945,BI,3,73,6,3,146.22628799227587,323.1991144746932
946,BI,3,73,6,3,155.10827540785823,330.3760962738314
947,BI,3,73,6,3,151.97947065311158,328.9654749366975
948,BI,3,73,6,3,161.25617693595493,361.47308332809627
949,BI,3,73,6,3,170.00006029410696,366.36641546497026
950,BI,3,73,6,3,168.08559188699073,363.586030856422
951,BI,3,73,6,3,157.1734261890349,345.0978643256917
952,BI,3,73,6,3,167.36967317886476,348.49168334293677
953,BI,3,73,6,3,164.8331601953927,359.26775182171576
954,BI,3,73,6,3,162.84764044959329,352.5561944239401
955,BI,3,73,6,3,165.51788000092316,364.2763613805557
956,BI,3,73,6,3,165.55355024885452,367.0354364143626
957,BI,3,73,6,3,148.70908042214504,331.05267966177183
958,BI,3,73,6,3,163.5565877609337,340.4629788806046
959,BI,3,73,6,3,156.68368038822675,343.4566862226337
960,BI,3,73,6,3,146.46285877313744,320.5188127341631
961,BI,3,73,6,3,147.22669798647257,321.2761923731061
962,BI,3,73,6,3,161.36234628933727,357.8067340329678
963,BI,3,73,6,3,169.74065924226875,363.55752118372067
964,BI,3,73,6,3,154.98769693107903,341.24035131616876
965,BI,3,73,6,3,164.20915534768454,352.91023278587653
966,BI,3,73,6,3,155.17871600190534,335.74395973636683
967,BI,3,73,6,3,151.2058996864871,332.057550297008
968,BI,3,73,6,3,160.92666155736904,351.49325527035035
969,BI,3,73,6,3,157.04086124318093,345.5758980026699
970,BI,3,73,6,3,166.08682247547515,358.57452795118195
971,BI,3,73,6,3,158.94889304427383,348.3434644515756
972,BI,3,73,6,3,145.2719721763286,317.8042103746338
973,BI,3,73,6,3,165.65347566531767,366.8689712098234
974,BI,3,73,6,3,167.11885381368555,354.6196618985153
975,BI,3,73,6,3,166.1513978274032,361.6325615317561
976,BI,3,73,6,3,164.23768233873736,352.7304830148601
977,BI,3,73,6,3,155.1619618334339,330.62446311662535
978,BI,3,73,6,3,166.02520682113305,359.6668051587369
979,BI,3,73,6,3,163.6736780915001,355.60541824575665
980,BI,3,73,6,3,167.2205935284288,366.8512855300293
981,BI,3,73,6,3,155.754271851529,337.4767594993092
982,BI,3,73,6,3,148.2301352627056,324.87398971894976
983,BI,3,73,6,3,169.77710269644726,372.71362248601497
984,BI,3,73,6,3,162.03812236631228,350.13886761724154
985,BI,3,73,6,3,162.47316486115486,355.1731312701961
986,BI,3,73,6,3,165.32298358062621,346.63800720944585
987,BI,3,73,6,3,168.05488716487838,372.0618814181678
988,BI,3,73,6,3,168.97386809799912,377.154087347343
989,BI,3,73,6,3,166.94145979953572,368.86408881566877
990,BI,3,73,6,3,150.12167398480474,336.32003778342533
991,BI,3,73,6,3,164.99687906139317,362.36115596406546
992,BI,3,73,6,3,164.05911465078677,362.59068587601604
993,BI,3,73,6,3,148.7827204348677,327.5652214295843
994,BI,3,73,6,3,165.1720681592381,362.00434939555925
995,BI,3,73,6,3,163.14723258455842,349.13629709698057
996,BI,3,73,6,3,165.34548376051885,357.1087147025789
997,BI,3,73,6,3,156.25699280352222,334.5656405125629
998,BI,3,73,6,3,169.2172763047556,352.4567785022875
999,BI,3,73,6,3,163.9048397699104,354.46370259592067
1000,BI,3,73,6,3,154.77735041019406,337.4707244198717
